{"stats":{"minecraft:dropped":{"minecraft:cooked_beef":3,"minecraft:cobblestone_stairs":2,"minecraft:dirt":33,"minecraft:cornflower":3,"minecraft:gold_nugget":29,"minecraft:sand":18,"minecraft:iron_pickaxe":5,"minecraft:gold_ingot":1,"minecraft:bone":2,"minecraft:oak_door":4,"minecraft:stone_axe":3,"minecraft:wheat":3,"minecraft:rotten_flesh":16,"minecraft:oak_planks":5,"minecraft:azure_bluet":3,"minecraft:white_bed":3,"minecraft:poppy":4,"minecraft:gunpowder":13,"minecraft:arrow":34,"minecraft:powered_rail":1,"minecraft:netherrack":78,"minecraft:enchanted_book":1,"minecraft:bread":148,"minecraft:wheat_seeds":68,"minecraft:mossy_cobblestone":13,"minecraft:minecart":1,"minecraft:oak_fence":3,"minecraft:iron_helmet":3,"minecraft:cobblestone":90,"minecraft:granite":11,"minecraft:coal":1,"minecraft:stick":1,"minecraft:oxeye_daisy":2,"minecraft:diorite":6,"minecraft:iron_leggings":2,"minecraft:iron_axe":2,"minecraft:string":12,"minecraft:spruce_sapling":5,"minecraft:dandelion":13,"minecraft:oak_trapdoor":3,"minecraft:nether_wart":2,"minecraft:raw_iron":3,"minecraft:iron_boots":2,"minecraft:stripped_oak_log":1,"minecraft:white_terracotta":28,"minecraft:cobblestone_slab":9,"minecraft:oak_button":1,"minecraft:spruce_planks":1,"minecraft:diamond_pickaxe":1,"minecraft:iron_chestplate":2,"minecraft:oak_sapling":2,"minecraft:redstone_torch":1,"minecraft:barrel":1,"minecraft:spider_eye":3,"minecraft:bow":2,"minecraft:stone_pickaxe":6,"minecraft:magma_block":1},"minecraft:picked_up":{"minecraft:iron_chestplate":1,"minecraft:wheat":79,"minecraft:smithing_table":7,"minecraft:oak_stairs":6,"minecraft:enchanted_book":1,"minecraft:string":6,"minecraft:iron_leggings":1,"minecraft:oak_sign":9,"minecraft:gold_nugget":83,"minecraft:cobbled_deepslate":227,"minecraft:spruce_planks":36,"minecraft:redstone_torch":2,"minecraft:cobblestone_slab":24,"minecraft:iron_pickaxe":6,"minecraft:furnace":3,"minecraft:iron_boots":1,"minecraft:stick":38,"minecraft:composter":2,"minecraft:oak_fence":16,"minecraft:torch":35,"minecraft:diorite":46,"minecraft:rotten_flesh":14,"minecraft:white_terracotta":61,"minecraft:blaze_rod":12,"minecraft:obsidian":11,"minecraft:cobblestone":442,"minecraft:birch_log":7,"minecraft:magma_block":1,"minecraft:andesite":4,"minecraft:potato":72,"minecraft:flint":10,"minecraft:tuff":25,"minecraft:dirt":1124,"minecraft:lapis_lazuli":12,"minecraft:bone":16,"minecraft:bow":2,"minecraft:wheat_seeds":243,"minecraft:raw_gold":8,"minecraft:bell":3,"minecraft:fletching_table":24,"minecraft:powered_rail":1,"minecraft:oak_planks":935,"minecraft:stone_hoe":1,"minecraft:sand":126,"minecraft:barrel":5,"minecraft:mossy_cobblestone":41,"minecraft:diamond":28,"minecraft:granite":106,"minecraft:bone_meal":2,"minecraft:emerald":25,"minecraft:golden_horse_armor":1,"minecraft:bread":57,"minecraft:oak_sapling":4,"minecraft:netherrack":215,"minecraft:diamond_pickaxe":1,"minecraft:crafting_table":5,"minecraft:azure_bluet":3,"minecraft:nether_wart":30,"minecraft:shield":1,"minecraft:cornflower":4,"minecraft:oak_trapdoor":4,"minecraft:iron_axe":1,"minecraft:item_frame":1,"minecraft:beef":8,"minecraft:oak_boat":2,"minecraft:poppy":5,"minecraft:minecart":24,"minecraft:sugar_cane":346,"minecraft:chest":11,"minecraft:spruce_trapdoor":4,"minecraft:raw_iron":50,"minecraft:oak_door":7,"minecraft:carrot":19,"minecraft:redstone":25,"minecraft:arrow":37,"minecraft:hay_block":40,"minecraft:white_wool":3,"minecraft:mutton":5,"minecraft:rail":312,"minecraft:oxeye_daisy":5,"minecraft:stripped_oak_log":3,"minecraft:basalt":40,"minecraft:leather":3,"minecraft:oak_log":121,"minecraft:yellow_bed":18,"minecraft:gunpowder":6,"minecraft:cobblestone_stairs":5,"minecraft:blue_bed":1,"minecraft:cooked_mutton":1,"minecraft:iron_ingot":39,"minecraft:stone_pickaxe":6,"minecraft:stripped_oak_wood":3,"minecraft:book":1,"minecraft:oak_slab":8,"minecraft:sweet_berries":29,"minecraft:dandelion":17,"minecraft:gravel":105,"minecraft:spruce_sapling":38,"minecraft:blast_furnace":5,"minecraft:white_bed":34,"minecraft:spruce_log":284,"minecraft:spider_eye":4,"minecraft:purple_bed":1,"minecraft:stone_axe":3,"minecraft:iron_helmet":2,"minecraft:oak_button":8,"minecraft:coal":57},"minecraft:crafted":{"minecraft:smooth_stone":3,"minecraft:oak_planks":464,"minecraft:stone":3,"minecraft:cooked_mutton":8,"minecraft:glass":87,"minecraft:bow":1,"minecraft:iron_boots":2,"minecraft:chest":18,"minecraft:oak_button":1,"minecraft:rail":112,"minecraft:stone_hoe":3,"minecraft:smoker":1,"minecraft:oak_slab":60,"minecraft:arrow":32,"minecraft:emerald":199,"minecraft:crafting_table":10,"minecraft:spruce_planks":1120,"minecraft:wooden_pickaxe":1,"minecraft:iron_helmet":12,"minecraft:chainmail_chestplate":8,"minecraft:smithing_table":5,"minecraft:fletching_table":4,"minecraft:birch_planks":28,"minecraft:iron_chestplate":2,"minecraft:diamond_pickaxe":2,"minecraft:stick":3807,"minecraft:iron_ingot":80,"minecraft:iron_pickaxe":3,"minecraft:gold_ingot":14,"minecraft:redstone_torch":5,"minecraft:composter":1,"minecraft:stone_shovel":10,"minecraft:diamond_hoe":6,"minecraft:furnace":4,"minecraft:blast_furnace":1,"minecraft:bone_meal":39,"minecraft:oak_trapdoor":36,"minecraft:glass_pane":112,"minecraft:flint_and_steel":2,"minecraft:iron_axe":5,"minecraft:stone_pickaxe":10,"minecraft:chainmail_leggings":12,"minecraft:minecart":3,"minecraft:wheat":360,"minecraft:cooked_beef":5,"minecraft:powered_rail":6,"minecraft:bucket":2,"minecraft:stone_axe":23,"minecraft:enchanted_book":1,"minecraft:bread":281,"minecraft:air":0,"minecraft:iron_shovel":6,"minecraft:iron_leggings":2,"minecraft:white_bed":1},"minecraft:broken":{"minecraft:iron_shovel":4,"minecraft:flint_and_steel":2,"minecraft:iron_axe":2,"minecraft:iron_pickaxe":2},"minecraft:killed":{"minecraft:spider":7,"minecraft:skeleton":12,"minecraft:iron_golem":1,"minecraft:creeper":5,"minecraft:sheep":3,"minecraft:pillager":1,"minecraft:zombie":22,"minecraft:ghast":3,"minecraft:blaze":18,"minecraft:cow":3,"minecraft:drowned":3},"minecraft:custom":{"minecraft:animals_bred":7,"minecraft:interact_with_crafting_table":100,"minecraft:open_barrel":4,"minecraft:bell_ring":163,"minecraft:leave_game":14,"minecraft:time_since_death":399293,"minecraft:sprint_one_cm":1078522,"minecraft:drop":271,"minecraft:talked_to_villager":185,"minecraft:play_time":472643,"minecraft:deaths":1,"minecraft:jump":10412,"minecraft:interact_with_brewingstand":1,"minecraft:walk_on_water_one_cm":48051,"minecraft:interact_with_furnace":101,"minecraft:traded_with_villager":304,"minecraft:sleep_in_bed":21,"minecraft:damage_dealt":15039,"minecraft:crouch_one_cm":218779,"minecraft:interact_with_smoker":7,"minecraft:interact_with_smithing_table":2,"minecraft:mob_kills":86,"minecraft:walk_one_cm":1474546,"minecraft:sneak_time":51536,"minecraft:walk_under_water_one_cm":27936,"minecraft:boat_one_cm":159431,"minecraft:total_world_time":472643,"minecraft:time_since_rest":40761,"minecraft:damage_taken":5664,"minecraft:swim_one_cm":26887,"minecraft:fly_one_cm":2147238,"minecraft:open_chest":513,"minecraft:fall_one_cm":203733},"minecraft:mined":{"minecraft:spruce_planks":36,"minecraft:white_bed":21,"minecraft:farmland":2,"minecraft:cobblestone_stairs":7,"minecraft:obsidian":12,"minecraft:spruce_trapdoor":4,"minecraft:granite":102,"minecraft:grass_block":445,"minecraft:composter":2,"minecraft:oxeye_daisy":2,"minecraft:nether_wart":1,"minecraft:iron_ore":47,"minecraft:fire":74,"minecraft:cobbled_deepslate":1,"minecraft:fletching_table":24,"minecraft:azure_bluet":1,"minecraft:dirt_path":344,"minecraft:oak_stairs":6,"minecraft:deepslate_redstone_ore":6,"minecraft:soul_fire":6,"minecraft:torch":1,"minecraft:blast_furnace":5,"minecraft:poppy":1,"minecraft:chest":12,"minecraft:glass":11,"minecraft:cobblestone":283,"minecraft:sugar_cane":179,"minecraft:oak_planks":43,"minecraft:wall_torch":3,"minecraft:white_terracotta":64,"minecraft:wheat":84,"minecraft:stripped_oak_wood":3,"minecraft:oak_log":96,"minecraft:sand":18,"minecraft:dirt":167,"minecraft:netherrack":357,"minecraft:oak_leaves":31,"minecraft:deepslate":217,"minecraft:nether_gold_ore":14,"minecraft:tuff":25,"minecraft:mossy_cobblestone":43,"minecraft:deepslate_diamond_ore":28,"minecraft:oak_door":3,"minecraft:spruce_leaves":128,"minecraft:hay_block":40,"minecraft:oak_trapdoor":3,"minecraft:spruce_sapling":2,"minecraft:furnace":3,"minecraft:carrots":13,"minecraft:andesite":4,"minecraft:bell":1,"minecraft:potatoes":15,"minecraft:cobblestone_slab":3,"minecraft:deepslate_iron_ore":5,"minecraft:rail":309,"minecraft:stripped_oak_log":3,"minecraft:stone":173,"minecraft:smithing_table":7,"minecraft:redstone_wall_torch":1,"minecraft:podzol":112,"minecraft:oak_slab":2,"minecraft:glass_pane":23,"minecraft:basalt":41,"minecraft:dandelion":6,"minecraft:cornflower":1,"minecraft:oak_fence":15,"minecraft:crafting_table":5,"minecraft:short_grass":180,"minecraft:tall_grass":9,"minecraft:lapis_ore":1,"minecraft:deepslate_gold_ore":8,"minecraft:diorite":48,"minecraft:blue_bed":1,"minecraft:purple_bed":1,"minecraft:sweet_berry_bush":13,"minecraft:spruce_log":284,"minecraft:yellow_bed":17,"minecraft:coal_ore":45,"minecraft:gravel":114},"minecraft:used":{"minecraft:iron_shovel":1162,"minecraft:poppy":1,"minecraft:chest":29,"minecraft:white_terracotta":2,"minecraft:nether_wart":28,"minecraft:bell":3,"minecraft:rotten_flesh":1,"minecraft:carrot":19,"minecraft:azure_bluet":3,"minecraft:obsidian":10,"minecraft:glass":20,"minecraft:lava_bucket":14,"minecraft:item_frame":1,"minecraft:bow":19,"minecraft:sweet_berries":13,"minecraft:furnace":5,"minecraft:oak_sapling":2,"minecraft:potato":72,"minecraft:diorite":7,"minecraft:powered_rail":5,"minecraft:stone_pickaxe":161,"minecraft:oak_planks":235,"minecraft:wooden_pickaxe":6,"minecraft:composter":3,"minecraft:sugar_cane":93,"minecraft:sand":1,"minecraft:blast_furnace":6,"minecraft:redstone_torch":5,"minecraft:bread":139,"minecraft:gravel":40,"minecraft:smithing_table":11,"minecraft:andesite":4,"minecraft:oak_boat":2,"minecraft:bone_meal":41,"minecraft:oak_trapdoor":32,"minecraft:oak_fence":1,"minecraft:flint_and_steel":128,"minecraft:stone_shovel":2,"minecraft:spruce_planks":166,"minecraft:stone_hoe":150,"minecraft:netherrack":329,"minecraft:torch":35,"minecraft:dirt":777,"minecraft:granite":60,"minecraft:iron_axe":770,"minecraft:barrel":4,"minecraft:basalt":40,"minecraft:minecart":24,"minecraft:cooked_beef":2,"minecraft:cobbled_deepslate":123,"minecraft:iron_leggings":2,"minecraft:wheat_seeds":94,"minecraft:cooked_mutton":7,"minecraft:water_bucket":97,"minecraft:fletching_table":28,"minecraft:cobblestone_slab":6,"minecraft:mossy_cobblestone":5,"minecraft:rail":349,"minecraft:oak_slab":27,"minecraft:crafting_table":15,"minecraft:white_bed":26,"minecraft:smoker":1,"minecraft:diamond_pickaxe":1178,"minecraft:cornflower":2,"minecraft:apple":1,"minecraft:oxeye_daisy":2,"minecraft:oak_button":6,"minecraft:iron_pickaxe":588,"minecraft:spruce_trapdoor":4,"minecraft:spruce_sapling":34,"minecraft:stone_axe":169,"minecraft:fishing_rod":21,"minecraft:cobblestone":139,"minecraft:purple_bed":1,"minecraft:bucket":112,"minecraft:glass_pane":110,"minecraft:yellow_bed":12,"minecraft:dandelion":6,"minecraft:chainmail_leggings":2}},"DataVersion":3953}