{"stats":{"minecraft:mined":{"minecraft:furnace":1,"minecraft:crafting_table":4,"minecraft:short_grass":4,"minecraft:grass_block":2,"minecraft:oak_log":20,"minecraft:dirt":2,"minecraft:stone":18,"minecraft:oak_planks":1,"minecraft:oak_leaves":7},"minecraft:used":{"minecraft:cooked_mutton":1,"minecraft:stone_pickaxe":14,"minecraft:oak_planks":1,"minecraft:chest":1,"minecraft:wooden_pickaxe":6,"minecraft:rotten_flesh":1,"minecraft:stone_axe":36,"minecraft:dirt":4,"minecraft:crafting_table":5,"minecraft:furnace":2,"minecraft:cooked_beef":2},"minecraft:custom":{"minecraft:time_since_rest":21274,"minecraft:interact_with_furnace":8,"minecraft:sprint_one_cm":40011,"minecraft:damage_taken":360,"minecraft:walk_one_cm":35749,"minecraft:mob_kills":3,"minecraft:drop":2,"minecraft:damage_dealt":466,"minecraft:swim_one_cm":2346,"minecraft:interact_with_crafting_table":8,"minecraft:fly_one_cm":126464,"minecraft:open_chest":20,"minecraft:crouch_one_cm":3489,"minecraft:play_time":21274,"minecraft:sneak_time":1223,"minecraft:walk_under_water_one_cm":3045,"minecraft:boat_one_cm":27282,"minecraft:jump":442,"minecraft:leave_game":2,"minecraft:walk_on_water_one_cm":2074,"minecraft:time_since_death":21274,"minecraft:total_world_time":21274,"minecraft:fall_one_cm":15552},"minecraft:dropped":{"minecraft:stone_axe":1,"minecraft:oak_sapling":1},"minecraft:crafted":{"minecraft:cooked_beef":2,"minecraft:oak_planks":80,"minecraft:crafting_table":2,"minecraft:stick":8,"minecraft:wooden_pickaxe":1,"minecraft:stone_pickaxe":1,"minecraft:chest":1,"minecraft:furnace":1,"minecraft:stone_axe":2,"minecraft:cooked_mutton":1,"minecraft:air":0},"minecraft:picked_up":{"minecraft:stick":2,"minecraft:crafting_table":4,"minecraft:leather":2,"minecraft:oak_log":20,"minecraft:dirt":4,"minecraft:rotten_flesh":1,"minecraft:beef":5,"minecraft:oak_sapling":1,"minecraft:oak_planks":63,"minecraft:cobblestone":17,"minecraft:furnace":1},"minecraft:killed":{"minecraft:drowned":1,"minecraft:cow":2}},"DataVersion":3953}