{"stats":{"minecraft:broken":{"minecraft:iron_shovel":1,"minecraft:flint_and_steel":1,"minecraft:iron_pickaxe":2},"minecraft:mined":{"minecraft:tuff":25,"minecraft:spruce_planks":33,"minecraft:white_bed":21,"minecraft:farmland":2,"minecraft:mossy_cobblestone":16,"minecraft:deepslate_diamond_ore":28,"minecraft:oak_door":3,"minecraft:cobblestone_stairs":3,"minecraft:obsidian":12,"minecraft:spruce_trapdoor":4,"minecraft:granite":86,"minecraft:grass_block":82,"minecraft:spruce_leaves":6,"minecraft:composter":2,"minecraft:oxeye_daisy":2,"minecraft:hay_block":40,"minecraft:oak_trapdoor":1,"minecraft:furnace":3,"minecraft:carrots":13,"minecraft:iron_ore":47,"minecraft:cobbled_deepslate":1,"minecraft:fire":9,"minecraft:fletching_table":24,"minecraft:azure_bluet":1,"minecraft:bell":1,"minecraft:potatoes":15,"minecraft:dirt_path":24,"minecraft:deepslate_iron_ore":5,"minecraft:cobblestone_slab":3,"minecraft:rail":227,"minecraft:oak_stairs":6,"minecraft:stripped_oak_log":2,"minecraft:stone":100,"minecraft:deepslate_redstone_ore":6,"minecraft:oak_slab":2,"minecraft:glass_pane":15,"minecraft:basalt":41,"minecraft:dandelion":4,"minecraft:oak_fence":6,"minecraft:crafting_table":5,"minecraft:cornflower":1,"minecraft:short_grass":138,"minecraft:blast_furnace":5,"minecraft:poppy":1,"minecraft:chest":11,"minecraft:tall_grass":8,"minecraft:glass":11,"minecraft:cobblestone":91,"minecraft:lapis_ore":1,"minecraft:deepslate_gold_ore":8,"minecraft:oak_planks":30,"minecraft:sugar_cane":43,"minecraft:diorite":35,"minecraft:wall_torch":1,"minecraft:blue_bed":1,"minecraft:white_terracotta":33,"minecraft:purple_bed":1,"minecraft:wheat":14,"minecraft:sweet_berry_bush":13,"minecraft:spruce_log":40,"minecraft:stripped_oak_wood":2,"minecraft:yellow_bed":17,"minecraft:oak_log":88,"minecraft:coal_ore":44,"minecraft:gravel":114,"minecraft:dirt":70,"minecraft:netherrack":14,"minecraft:oak_leaves":31,"minecraft:deepslate":173},"minecraft:custom":{"minecraft:mob_kills":45,"minecraft:interact_with_crafting_table":81,"minecraft:open_barrel":4,"minecraft:bell_ring":163,"minecraft:leave_game":6,"minecraft:time_since_death":242216,"minecraft:sprint_one_cm":628412,"minecraft:walk_one_cm":941074,"minecraft:drop":157,"minecraft:talked_to_villager":90,"minecraft:play_time":315566,"minecraft:sneak_time":31586,"minecraft:deaths":1,"minecraft:walk_under_water_one_cm":23701,"minecraft:boat_one_cm":159431,"minecraft:jump":6447,"minecraft:walk_on_water_one_cm":34850,"minecraft:total_world_time":315566,"minecraft:interact_with_furnace":97,"minecraft:traded_with_villager":89,"minecraft:sleep_in_bed":14,"minecraft:time_since_rest":424,"minecraft:damage_taken":3711,"minecraft:damage_dealt":8483,"minecraft:swim_one_cm":25718,"minecraft:fly_one_cm":1298875,"minecraft:open_chest":318,"minecraft:crouch_one_cm":130057,"minecraft:interact_with_smoker":7,"minecraft:fall_one_cm":148120},"minecraft:used":{"minecraft:oak_fence":1,"minecraft:oak_trapdoor":28,"minecraft:iron_shovel":252,"minecraft:flint_and_steel":65,"minecraft:chest":28,"minecraft:spruce_planks":166,"minecraft:white_terracotta":2,"minecraft:bell":3,"minecraft:stone_hoe":150,"minecraft:rotten_flesh":1,"minecraft:netherrack":13,"minecraft:torch":2,"minecraft:dirt":137,"minecraft:carrot":19,"minecraft:granite":55,"minecraft:obsidian":10,"minecraft:glass":20,"minecraft:lava_bucket":12,"minecraft:iron_axe":271,"minecraft:barrel":4,"minecraft:item_frame":1,"minecraft:basalt":40,"minecraft:sweet_berries":13,"minecraft:furnace":5,"minecraft:minecart":16,"minecraft:potato":64,"minecraft:cooked_beef":2,"minecraft:cobbled_deepslate":79,"minecraft:wheat_seeds":4,"minecraft:cooked_mutton":7,"minecraft:water_bucket":87,"minecraft:stone_pickaxe":161,"minecraft:powered_rail":2,"minecraft:oak_planks":202,"minecraft:sugar_cane":82,"minecraft:wooden_pickaxe":6,"minecraft:composter":3,"minecraft:fletching_table":28,"minecraft:cobblestone_slab":6,"minecraft:mossy_cobblestone":1,"minecraft:sand":1,"minecraft:rail":258,"minecraft:blast_furnace":6,"minecraft:oak_slab":25,"minecraft:crafting_table":15,"minecraft:white_bed":26,"minecraft:smoker":1,"minecraft:redstone_torch":1,"minecraft:diamond_pickaxe":304,"minecraft:oxeye_daisy":1,"minecraft:iron_pickaxe":588,"minecraft:bread":79,"minecraft:oak_button":6,"minecraft:spruce_trapdoor":4,"minecraft:gravel":40,"minecraft:spruce_sapling":5,"minecraft:stone_axe":169,"minecraft:fishing_rod":21,"minecraft:cobblestone":69,"minecraft:purple_bed":1,"minecraft:smithing_table":1,"minecraft:bucket":101,"minecraft:glass_pane":110,"minecraft:yellow_bed":12,"minecraft:oak_boat":2,"minecraft:bone_meal":27},"minecraft:crafted":{"minecraft:smooth_stone":3,"minecraft:oak_planks":428,"minecraft:diamond_hoe":6,"minecraft:furnace":4,"minecraft:blast_furnace":1,"minecraft:stone":3,"minecraft:bone_meal":27,"minecraft:glass_pane":112,"minecraft:cooked_mutton":8,"minecraft:oak_trapdoor":32,"minecraft:flint_and_steel":2,"minecraft:glass":87,"minecraft:iron_boots":1,"minecraft:iron_axe":2,"minecraft:stone_pickaxe":1,"minecraft:chest":18,"minecraft:oak_button":1,"minecraft:rail":112,"minecraft:stone_hoe":2,"minecraft:minecart":3,"minecraft:smoker":1,"minecraft:wheat":360,"minecraft:cooked_beef":5,"minecraft:oak_slab":54,"minecraft:emerald":57,"minecraft:iron_helmet":1,"minecraft:crafting_table":10,"minecraft:spruce_planks":144,"minecraft:wooden_pickaxe":1,"minecraft:powered_rail":6,"minecraft:smithing_table":1,"minecraft:fletching_table":4,"minecraft:birch_planks":28,"minecraft:bucket":2,"minecraft:stone_axe":13,"minecraft:bread":219,"minecraft:air":0,"minecraft:diamond_pickaxe":1,"minecraft:iron_chestplate":1,"minecraft:stick":1296,"minecraft:iron_ingot":80,"minecraft:iron_pickaxe":3,"minecraft:iron_leggings":1,"minecraft:iron_shovel":1,"minecraft:gold_ingot":8,"minecraft:white_bed":1,"minecraft:redstone_torch":1,"minecraft:composter":1},"minecraft:dropped":{"minecraft:bread":131,"minecraft:wheat_seeds":14,"minecraft:cooked_beef":3,"minecraft:minecart":1,"minecraft:oak_fence":1,"minecraft:cobblestone":3,"minecraft:stick":1,"minecraft:dirt":2,"minecraft:iron_pickaxe":2,"minecraft:string":6,"minecraft:bone":2,"minecraft:spruce_sapling":5,"minecraft:stone_axe":3,"minecraft:oak_trapdoor":1,"minecraft:raw_iron":3,"minecraft:wheat":2,"minecraft:rotten_flesh":15,"minecraft:oak_planks":4,"minecraft:azure_bluet":1,"minecraft:white_bed":3,"minecraft:cobblestone_slab":9,"minecraft:oak_button":1,"minecraft:gunpowder":10,"minecraft:oak_sapling":2,"minecraft:barrel":1,"minecraft:stone_pickaxe":6},"minecraft:picked_up":{"minecraft:crafting_table":5,"minecraft:wheat":11,"minecraft:azure_bluet":1,"minecraft:oak_stairs":6,"minecraft:enchanted_book":1,"minecraft:cornflower":1,"minecraft:oak_trapdoor":2,"minecraft:item_frame":1,"minecraft:oak_sign":9,"minecraft:cobbled_deepslate":183,"minecraft:spruce_planks":33,"minecraft:beef":8,"minecraft:oak_boat":2,"minecraft:cobblestone_slab":24,"minecraft:poppy":1,"minecraft:iron_pickaxe":4,"minecraft:minecart":16,"minecraft:sugar_cane":82,"minecraft:chest":10,"minecraft:spruce_trapdoor":4,"minecraft:furnace":3,"minecraft:stick":27,"minecraft:raw_iron":50,"minecraft:oak_door":3,"minecraft:composter":2,"minecraft:oak_fence":6,"minecraft:torch":17,"minecraft:diorite":33,"minecraft:carrot":19,"minecraft:redstone":25,"minecraft:arrow":6,"minecraft:rotten_flesh":13,"minecraft:hay_block":40,"minecraft:white_terracotta":33,"minecraft:obsidian":11,"minecraft:mutton":5,"minecraft:cobblestone":201,"minecraft:rail":230,"minecraft:white_wool":3,"minecraft:oxeye_daisy":3,"minecraft:birch_log":7,"minecraft:stripped_oak_log":2,"minecraft:basalt":40,"minecraft:leather":3,"minecraft:potato":72,"minecraft:flint":10,"minecraft:tuff":25,"minecraft:oak_log":113,"minecraft:yellow_bed":18,"minecraft:gunpowder":3,"minecraft:cobblestone_stairs":3,"minecraft:dirt":237,"minecraft:lapis_lazuli":12,"minecraft:blue_bed":1,"minecraft:cooked_mutton":1,"minecraft:bone":11,"minecraft:wheat_seeds":43,"minecraft:raw_gold":8,"minecraft:bell":2,"minecraft:iron_ingot":39,"minecraft:stone_pickaxe":6,"minecraft:stripped_oak_wood":2,"minecraft:fletching_table":24,"minecraft:stone_hoe":1,"minecraft:oak_planks":918,"minecraft:oak_slab":8,"minecraft:sweet_berries":29,"minecraft:dandelion":4,"minecraft:gravel":105,"minecraft:sand":108,"minecraft:spruce_sapling":11,"minecraft:blast_furnace":5,"minecraft:white_bed":34,"minecraft:spruce_log":40,"minecraft:spider_eye":2,"minecraft:barrel":5,"minecraft:mossy_cobblestone":16,"minecraft:purple_bed":1,"minecraft:diamond":28,"minecraft:stone_axe":3,"minecraft:granite":90,"minecraft:golden_horse_armor":1,"minecraft:bread":41,"minecraft:oak_button":8,"minecraft:oak_sapling":4,"minecraft:netherrack":13,"minecraft:coal":56},"minecraft:killed":{"minecraft:spider":2,"minecraft:skeleton":7,"minecraft:drowned":3,"minecraft:iron_golem":1,"minecraft:creeper":4,"minecraft:sheep":3,"minecraft:pillager":1,"minecraft:zombie":16,"minecraft:cow":3}},"DataVersion":3953}