{"stats":{"minecraft:broken":{"minecraft:flint_and_steel":1,"minecraft:iron_pickaxe":2},"minecraft:mined":{"minecraft:tuff":25,"minecraft:spruce_planks":29,"minecraft:white_bed":20,"minecraft:farmland":2,"minecraft:mossy_cobblestone":16,"minecraft:deepslate_diamond_ore":28,"minecraft:oak_door":3,"minecraft:cobblestone_stairs":3,"minecraft:spruce_trapdoor":4,"minecraft:granite":86,"minecraft:grass_block":69,"minecraft:spruce_leaves":6,"minecraft:composter":2,"minecraft:oxeye_daisy":1,"minecraft:hay_block":40,"minecraft:oak_trapdoor":1,"minecraft:carrots":13,"minecraft:furnace":3,"minecraft:iron_ore":43,"minecraft:fire":7,"minecraft:cobbled_deepslate":1,"minecraft:azure_bluet":1,"minecraft:bell":1,"minecraft:dirt_path":3,"minecraft:potatoes":15,"minecraft:deepslate_iron_ore":5,"minecraft:rail":4,"minecraft:oak_stairs":3,"minecraft:stripped_oak_log":2,"minecraft:stone":82,"minecraft:deepslate_redstone_ore":6,"minecraft:oak_slab":2,"minecraft:glass_pane":15,"minecraft:dandelion":3,"minecraft:oak_fence":6,"minecraft:cornflower":1,"minecraft:crafting_table":5,"minecraft:short_grass":91,"minecraft:poppy":1,"minecraft:chest":2,"minecraft:glass":11,"minecraft:tall_grass":6,"minecraft:cobblestone":87,"minecraft:deepslate_gold_ore":8,"minecraft:lapis_ore":1,"minecraft:sugar_cane":8,"minecraft:oak_planks":23,"minecraft:wall_torch":1,"minecraft:diorite":35,"minecraft:blue_bed":1,"minecraft:white_terracotta":33,"minecraft:purple_bed":1,"minecraft:wheat":14,"minecraft:sweet_berry_bush":13,"minecraft:spruce_log":40,"minecraft:stripped_oak_wood":2,"minecraft:yellow_bed":16,"minecraft:coal_ore":12,"minecraft:oak_log":79,"minecraft:gravel":44,"minecraft:dirt":49,"minecraft:oak_leaves":28,"minecraft:deepslate":173},"minecraft:custom":{"minecraft:mob_kills":21,"minecraft:interact_with_crafting_table":59,"minecraft:bell_ring":163,"minecraft:leave_game":5,"minecraft:time_since_death":101904,"minecraft:sprint_one_cm":355104,"minecraft:walk_one_cm":573689,"minecraft:drop":132,"minecraft:talked_to_villager":1,"minecraft:play_time":175254,"minecraft:deaths":1,"minecraft:sneak_time":22469,"minecraft:walk_under_water_one_cm":17115,"minecraft:boat_one_cm":159431,"minecraft:jump":3852,"minecraft:walk_on_water_one_cm":19770,"minecraft:total_world_time":175254,"minecraft:interact_with_furnace":71,"minecraft:sleep_in_bed":10,"minecraft:time_since_rest":31545,"minecraft:damage_taken":2370,"minecraft:damage_dealt":3838,"minecraft:swim_one_cm":12352,"minecraft:fly_one_cm":684298,"minecraft:open_chest":180,"minecraft:crouch_one_cm":89622,"minecraft:interact_with_smoker":7,"minecraft:fall_one_cm":98490},"minecraft:used":{"minecraft:oak_fence":1,"minecraft:oak_trapdoor":15,"minecraft:iron_shovel":120,"minecraft:flint_and_steel":64,"minecraft:spruce_planks":164,"minecraft:chest":20,"minecraft:white_terracotta":2,"minecraft:bell":3,"minecraft:stone_hoe":150,"minecraft:rotten_flesh":1,"minecraft:torch":2,"minecraft:dirt":45,"minecraft:carrot":19,"minecraft:granite":24,"minecraft:glass":20,"minecraft:iron_axe":150,"minecraft:sweet_berries":13,"minecraft:furnace":5,"minecraft:potato":64,"minecraft:cooked_beef":2,"minecraft:cobbled_deepslate":79,"minecraft:wheat_seeds":4,"minecraft:cooked_mutton":7,"minecraft:water_bucket":55,"minecraft:powered_rail":2,"minecraft:stone_pickaxe":161,"minecraft:oak_planks":145,"minecraft:wooden_pickaxe":6,"minecraft:composter":3,"minecraft:sugar_cane":15,"minecraft:mossy_cobblestone":1,"minecraft:rail":36,"minecraft:oak_slab":24,"minecraft:crafting_table":13,"minecraft:white_bed":22,"minecraft:smoker":1,"minecraft:redstone_torch":1,"minecraft:bread":36,"minecraft:iron_pickaxe":533,"minecraft:spruce_trapdoor":4,"minecraft:spruce_sapling":5,"minecraft:gravel":40,"minecraft:stone_axe":169,"minecraft:fishing_rod":21,"minecraft:cobblestone":49,"minecraft:purple_bed":1,"minecraft:bucket":56,"minecraft:glass_pane":110,"minecraft:yellow_bed":11,"minecraft:bone_meal":27},"minecraft:crafted":{"minecraft:oak_planks":320,"minecraft:furnace":3,"minecraft:bone_meal":27,"minecraft:glass_pane":112,"minecraft:cooked_mutton":8,"minecraft:oak_trapdoor":14,"minecraft:flint_and_steel":1,"minecraft:glass":87,"minecraft:iron_axe":1,"minecraft:stone_pickaxe":1,"minecraft:chest":18,"minecraft:oak_button":1,"minecraft:rail":32,"minecraft:stone_hoe":2,"minecraft:smoker":1,"minecraft:wheat":360,"minecraft:cooked_beef":5,"minecraft:oak_slab":48,"minecraft:crafting_table":8,"minecraft:powered_rail":6,"minecraft:spruce_planks":144,"minecraft:wooden_pickaxe":1,"minecraft:bucket":1,"minecraft:stone_axe":3,"minecraft:bread":123,"minecraft:air":0,"minecraft:stick":24,"minecraft:iron_ingot":40,"minecraft:iron_pickaxe":3,"minecraft:iron_shovel":1,"minecraft:gold_ingot":8,"minecraft:white_bed":1,"minecraft:redstone_torch":1,"minecraft:composter":1},"minecraft:dropped":{"minecraft:bread":94,"minecraft:wheat_seeds":12,"minecraft:cooked_beef":3,"minecraft:oak_fence":1,"minecraft:stick":1,"minecraft:iron_pickaxe":2,"minecraft:string":6,"minecraft:spruce_sapling":5,"minecraft:stone_axe":3,"minecraft:wheat":2,"minecraft:rotten_flesh":2,"minecraft:oak_planks":2,"minecraft:azure_bluet":1,"minecraft:white_bed":2,"minecraft:gunpowder":10,"minecraft:oak_sapling":2,"minecraft:stone_pickaxe":6},"minecraft:picked_up":{"minecraft:crafting_table":5,"minecraft:wheat":11,"minecraft:azure_bluet":1,"minecraft:oak_stairs":3,"minecraft:enchanted_book":1,"minecraft:cornflower":1,"minecraft:oak_trapdoor":2,"minecraft:cobbled_deepslate":183,"minecraft:spruce_planks":29,"minecraft:beef":5,"minecraft:poppy":1,"minecraft:iron_pickaxe":4,"minecraft:sugar_cane":15,"minecraft:chest":2,"minecraft:spruce_trapdoor":4,"minecraft:furnace":3,"minecraft:raw_iron":47,"minecraft:stick":19,"minecraft:oak_door":3,"minecraft:composter":2,"minecraft:oak_fence":6,"minecraft:torch":17,"minecraft:diorite":33,"minecraft:carrot":19,"minecraft:redstone":25,"minecraft:arrow":6,"minecraft:rotten_flesh":5,"minecraft:hay_block":40,"minecraft:white_terracotta":33,"minecraft:mutton":5,"minecraft:rail":4,"minecraft:cobblestone":180,"minecraft:white_wool":3,"minecraft:oxeye_daisy":1,"minecraft:stripped_oak_log":2,"minecraft:leather":2,"minecraft:potato":64,"minecraft:flint":3,"minecraft:tuff":25,"minecraft:oak_log":87,"minecraft:yellow_bed":17,"minecraft:gunpowder":2,"minecraft:cobblestone_stairs":3,"minecraft:blue_bed":1,"minecraft:lapis_lazuli":12,"minecraft:dirt":144,"minecraft:cooked_mutton":1,"minecraft:bone":9,"minecraft:wheat_seeds":36,"minecraft:raw_gold":8,"minecraft:bell":2,"minecraft:stone_pickaxe":6,"minecraft:iron_ingot":36,"minecraft:stripped_oak_wood":2,"minecraft:stone_hoe":1,"minecraft:oak_planks":186,"minecraft:oak_slab":8,"minecraft:sweet_berries":29,"minecraft:dandelion":3,"minecraft:gravel":42,"minecraft:sand":108,"minecraft:spruce_sapling":11,"minecraft:white_bed":28,"minecraft:spruce_log":40,"minecraft:mossy_cobblestone":16,"minecraft:purple_bed":1,"minecraft:diamond":28,"minecraft:stone_axe":3,"minecraft:granite":88,"minecraft:golden_horse_armor":1,"minecraft:bread":36,"minecraft:oak_sapling":3,"minecraft:coal":24},"minecraft:killed":{"minecraft:skeleton":4,"minecraft:drowned":1,"minecraft:creeper":2,"minecraft:sheep":3,"minecraft:pillager":1,"minecraft:zombie":7,"minecraft:cow":2}},"DataVersion":3953}