{"stats":{"minecraft:used":{"minecraft:oak_fence":1,"minecraft:oak_trapdoor":28,"minecraft:iron_shovel":252,"minecraft:flint_and_steel":128,"minecraft:poppy":1,"minecraft:chest":29,"minecraft:spruce_planks":166,"minecraft:white_terracotta":2,"minecraft:bell":3,"minecraft:rotten_flesh":1,"minecraft:stone_hoe":150,"minecraft:netherrack":153,"minecraft:torch":2,"minecraft:dirt":178,"minecraft:carrot":19,"minecraft:obsidian":10,"minecraft:granite":60,"minecraft:azure_bluet":3,"minecraft:glass":20,"minecraft:lava_bucket":13,"minecraft:iron_axe":697,"minecraft:barrel":4,"minecraft:item_frame":1,"minecraft:basalt":40,"minecraft:sweet_berries":13,"minecraft:oak_sapling":2,"minecraft:furnace":5,"minecraft:minecart":16,"minecraft:iron_leggings":2,"minecraft:potato":72,"minecraft:cooked_beef":2,"minecraft:cobbled_deepslate":79,"minecraft:cooked_mutton":7,"minecraft:wheat_seeds":69,"minecraft:water_bucket":90,"minecraft:oak_planks":211,"minecraft:sugar_cane":85,"minecraft:stone_pickaxe":161,"minecraft:powered_rail":2,"minecraft:wooden_pickaxe":6,"minecraft:composter":3,"minecraft:fletching_table":28,"minecraft:cobblestone_slab":6,"minecraft:mossy_cobblestone":5,"minecraft:sand":1,"minecraft:rail":258,"minecraft:oak_slab":27,"minecraft:blast_furnace":6,"minecraft:crafting_table":15,"minecraft:white_bed":26,"minecraft:smoker":1,"minecraft:redstone_torch":1,"minecraft:diamond_pickaxe":594,"minecraft:cornflower":2,"minecraft:apple":1,"minecraft:oxeye_daisy":2,"minecraft:iron_pickaxe":588,"minecraft:oak_button":6,"minecraft:bread":111,"minecraft:spruce_trapdoor":4,"minecraft:gravel":40,"minecraft:spruce_sapling":24,"minecraft:stone_axe":169,"minecraft:fishing_rod":21,"minecraft:cobblestone":92,"minecraft:purple_bed":1,"minecraft:smithing_table":1,"minecraft:bucket":105,"minecraft:glass_pane":110,"minecraft:yellow_bed":12,"minecraft:oak_boat":2,"minecraft:dandelion":6,"minecraft:bone_meal":41,"minecraft:chainmail_leggings":2},"minecraft:picked_up":{"minecraft:iron_chestplate":1,"minecraft:crafting_table":5,"minecraft:wheat":59,"minecraft:azure_bluet":1,"minecraft:oak_stairs":6,"minecraft:enchanted_book":1,"minecraft:shield":1,"minecraft:cornflower":1,"minecraft:oak_trapdoor":2,"minecraft:iron_axe":1,"minecraft:iron_leggings":1,"minecraft:item_frame":1,"minecraft:oak_sign":9,"minecraft:gold_nugget":11,"minecraft:cobbled_deepslate":183,"minecraft:spruce_planks":35,"minecraft:beef":8,"minecraft:oak_boat":2,"minecraft:cobblestone_slab":24,"minecraft:poppy":1,"minecraft:iron_pickaxe":6,"minecraft:minecart":16,"minecraft:sugar_cane":210,"minecraft:chest":11,"minecraft:spruce_trapdoor":4,"minecraft:iron_boots":1,"minecraft:furnace":3,"minecraft:stick":35,"minecraft:raw_iron":50,"minecraft:oak_door":7,"minecraft:composter":2,"minecraft:oak_fence":14,"minecraft:torch":30,"minecraft:diorite":33,"minecraft:carrot":19,"minecraft:redstone":25,"minecraft:arrow":11,"minecraft:rotten_flesh":14,"minecraft:hay_block":40,"minecraft:white_terracotta":61,"minecraft:blaze_rod":12,"minecraft:obsidian":11,"minecraft:mutton":5,"minecraft:rail":230,"minecraft:white_wool":3,"minecraft:cobblestone":340,"minecraft:oxeye_daisy":3,"minecraft:stripped_oak_log":2,"minecraft:birch_log":7,"minecraft:magma_block":1,"minecraft:basalt":40,"minecraft:leather":3,"minecraft:potato":72,"minecraft:flint":10,"minecraft:tuff":25,"minecraft:oak_log":121,"minecraft:yellow_bed":18,"minecraft:gunpowder":6,"minecraft:cobblestone_stairs":5,"minecraft:lapis_lazuli":12,"minecraft:blue_bed":1,"minecraft:dirt":237,"minecraft:cooked_mutton":1,"minecraft:bone":14,"minecraft:wheat_seeds":171,"minecraft:raw_gold":8,"minecraft:bell":3,"minecraft:iron_ingot":39,"minecraft:stone_pickaxe":6,"minecraft:stripped_oak_wood":2,"minecraft:fletching_table":24,"minecraft:stone_hoe":1,"minecraft:oak_planks":931,"minecraft:oak_slab":8,"minecraft:sweet_berries":29,"minecraft:dandelion":4,"minecraft:gravel":105,"minecraft:sand":108,"minecraft:spruce_sapling":28,"minecraft:blast_furnace":5,"minecraft:white_bed":34,"minecraft:spruce_log":273,"minecraft:spider_eye":2,"minecraft:barrel":5,"minecraft:mossy_cobblestone":34,"minecraft:purple_bed":1,"minecraft:diamond":28,"minecraft:stone_axe":3,"minecraft:iron_helmet":2,"minecraft:granite":95,"minecraft:bone_meal":2,"minecraft:golden_horse_armor":1,"minecraft:bread":57,"minecraft:oak_button":8,"minecraft:oak_sapling":4,"minecraft:netherrack":58,"minecraft:coal":56},"minecraft:dropped":{"minecraft:bread":148,"minecraft:wheat_seeds":21,"minecraft:cooked_beef":3,"minecraft:mossy_cobblestone":6,"minecraft:minecart":1,"minecraft:oak_fence":1,"minecraft:iron_helmet":3,"minecraft:cobblestone":35,"minecraft:cobblestone_stairs":2,"minecraft:stick":1,"minecraft:dirt":2,"minecraft:iron_leggings":2,"minecraft:gold_nugget":2,"minecraft:iron_axe":2,"minecraft:iron_pickaxe":5,"minecraft:string":6,"minecraft:oak_door":4,"minecraft:spruce_sapling":5,"minecraft:bone":2,"minecraft:gold_ingot":1,"minecraft:stone_axe":3,"minecraft:oak_trapdoor":1,"minecraft:wheat":3,"minecraft:raw_iron":3,"minecraft:rotten_flesh":16,"minecraft:iron_boots":2,"minecraft:oak_planks":5,"minecraft:white_terracotta":28,"minecraft:azure_bluet":1,"minecraft:white_bed":3,"minecraft:cobblestone_slab":9,"minecraft:gunpowder":13,"minecraft:oak_button":1,"minecraft:iron_chestplate":2,"minecraft:oak_sapling":2,"minecraft:spider_eye":1,"minecraft:barrel":1,"minecraft:bow":1,"minecraft:arrow":34,"minecraft:stone_pickaxe":6,"minecraft:magma_block":1},"minecraft:killed":{"minecraft:spider":2,"minecraft:skeleton":10,"minecraft:drowned":3,"minecraft:iron_golem":1,"minecraft:creeper":4,"minecraft:sheep":3,"minecraft:pillager":1,"minecraft:zombie":19,"minecraft:blaze":18,"minecraft:cow":3},"minecraft:custom":{"minecraft:mob_kills":70,"minecraft:animals_bred":2,"minecraft:interact_with_crafting_table":93,"minecraft:open_barrel":4,"minecraft:bell_ring":163,"minecraft:leave_game":8,"minecraft:time_since_death":302875,"minecraft:sprint_one_cm":815374,"minecraft:walk_one_cm":1111388,"minecraft:drop":220,"minecraft:talked_to_villager":128,"minecraft:play_time":376225,"minecraft:sneak_time":37841,"minecraft:deaths":1,"minecraft:walk_under_water_one_cm":24785,"minecraft:boat_one_cm":159431,"minecraft:jump":8099,"minecraft:walk_on_water_one_cm":39335,"minecraft:total_world_time":376225,"minecraft:interact_with_furnace":97,"minecraft:traded_with_villager":214,"minecraft:sleep_in_bed":15,"minecraft:time_since_rest":7578,"minecraft:damage_taken":4952,"minecraft:damage_dealt":12906,"minecraft:swim_one_cm":26887,"minecraft:fly_one_cm":1637857,"minecraft:open_chest":401,"minecraft:crouch_one_cm":159811,"minecraft:interact_with_smoker":7,"minecraft:fall_one_cm":170247},"minecraft:mined":{"minecraft:nether_gold_ore":4,"minecraft:tuff":25,"minecraft:spruce_planks":35,"minecraft:white_bed":21,"minecraft:farmland":2,"minecraft:mossy_cobblestone":36,"minecraft:deepslate_diamond_ore":28,"minecraft:oak_door":3,"minecraft:cobblestone_stairs":7,"minecraft:obsidian":12,"minecraft:spruce_trapdoor":4,"minecraft:granite":91,"minecraft:grass_block":82,"minecraft:spruce_leaves":78,"minecraft:composter":2,"minecraft:oxeye_daisy":2,"minecraft:hay_block":40,"minecraft:oak_trapdoor":1,"minecraft:carrots":13,"minecraft:furnace":3,"minecraft:iron_ore":47,"minecraft:fire":40,"minecraft:cobbled_deepslate":1,"minecraft:fletching_table":24,"minecraft:azure_bluet":1,"minecraft:bell":1,"minecraft:potatoes":15,"minecraft:dirt_path":24,"minecraft:cobblestone_slab":3,"minecraft:deepslate_iron_ore":5,"minecraft:rail":227,"minecraft:oak_stairs":6,"minecraft:stripped_oak_log":2,"minecraft:stone":100,"minecraft:deepslate_redstone_ore":6,"minecraft:oak_slab":2,"minecraft:glass_pane":23,"minecraft:soul_fire":6,"minecraft:basalt":41,"minecraft:dandelion":4,"minecraft:oak_fence":14,"minecraft:cornflower":1,"minecraft:crafting_table":5,"minecraft:short_grass":153,"minecraft:blast_furnace":5,"minecraft:poppy":1,"minecraft:chest":12,"minecraft:tall_grass":9,"minecraft:glass":11,"minecraft:cobblestone":253,"minecraft:deepslate_gold_ore":8,"minecraft:lapis_ore":1,"minecraft:oak_planks":39,"minecraft:sugar_cane":108,"minecraft:blue_bed":1,"minecraft:diorite":35,"minecraft:wall_torch":3,"minecraft:white_terracotta":64,"minecraft:purple_bed":1,"minecraft:wheat":63,"minecraft:sweet_berry_bush":13,"minecraft:spruce_log":273,"minecraft:stripped_oak_wood":2,"minecraft:yellow_bed":17,"minecraft:coal_ore":44,"minecraft:oak_log":96,"minecraft:gravel":114,"minecraft:dirt":70,"minecraft:netherrack":56,"minecraft:oak_leaves":31,"minecraft:deepslate":173},"minecraft:crafted":{"minecraft:smooth_stone":3,"minecraft:oak_planks":460,"minecraft:diamond_hoe":6,"minecraft:furnace":4,"minecraft:blast_furnace":1,"minecraft:stone":3,"minecraft:bone_meal":39,"minecraft:flint_and_steel":2,"minecraft:cooked_mutton":8,"minecraft:glass_pane":112,"minecraft:oak_trapdoor":32,"minecraft:glass":87,"minecraft:bow":1,"minecraft:iron_boots":2,"minecraft:iron_axe":5,"minecraft:stone_pickaxe":1,"minecraft:chest":18,"minecraft:oak_button":1,"minecraft:rail":112,"minecraft:stone_hoe":2,"minecraft:chainmail_leggings":12,"minecraft:smoker":1,"minecraft:wheat":360,"minecraft:minecart":3,"minecraft:cooked_beef":5,"minecraft:oak_slab":60,"minecraft:arrow":32,"minecraft:emerald":140,"minecraft:crafting_table":10,"minecraft:spruce_planks":1076,"minecraft:iron_helmet":12,"minecraft:powered_rail":6,"minecraft:wooden_pickaxe":1,"minecraft:chainmail_chestplate":8,"minecraft:smithing_table":1,"minecraft:fletching_table":4,"minecraft:bucket":2,"minecraft:birch_planks":28,"minecraft:stone_axe":13,"minecraft:bread":281,"minecraft:air":0,"minecraft:iron_chestplate":2,"minecraft:diamond_pickaxe":2,"minecraft:stick":3767,"minecraft:iron_ingot":80,"minecraft:iron_pickaxe":3,"minecraft:iron_shovel":1,"minecraft:gold_ingot":9,"minecraft:iron_leggings":2,"minecraft:white_bed":1,"minecraft:redstone_torch":1,"minecraft:composter":1},"minecraft:broken":{"minecraft:iron_shovel":1,"minecraft:flint_and_steel":2,"minecraft:iron_axe":2,"minecraft:iron_pickaxe":2}},"DataVersion":3953}