{"stats":{"minecraft:mined":{"minecraft:spruce_planks":19,"minecraft:white_bed":4,"minecraft:crafting_table":4,"minecraft:spruce_trapdoor":4,"minecraft:short_grass":5,"minecraft:grass_block":3,"minecraft:spruce_leaves":6,"minecraft:oak_planks":1,"minecraft:blue_bed":1,"minecraft:purple_bed":1,"minecraft:furnace":2,"minecraft:sweet_berry_bush":13,"minecraft:spruce_log":40,"minecraft:oak_log":20,"minecraft:dirt":2,"minecraft:stone":18,"minecraft:oak_leaves":7},"minecraft:custom":{"minecraft:interact_with_furnace":14,"minecraft:mob_kills":6,"minecraft:interact_with_crafting_table":11,"minecraft:bell_ring":113,"minecraft:leave_game":2,"minecraft:time_since_death":45274,"minecraft:sleep_in_bed":5,"minecraft:time_since_rest":9284,"minecraft:sprint_one_cm":111879,"minecraft:damage_taken":420,"minecraft:walk_one_cm":115217,"minecraft:drop":9,"minecraft:damage_dealt":706,"minecraft:swim_one_cm":8190,"minecraft:fly_one_cm":200119,"minecraft:open_chest":37,"minecraft:crouch_one_cm":12086,"minecraft:play_time":45274,"minecraft:sneak_time":3243,"minecraft:walk_under_water_one_cm":3997,"minecraft:boat_one_cm":159431,"minecraft:jump":878,"minecraft:walk_on_water_one_cm":3419,"minecraft:interact_with_smoker":7,"minecraft:total_world_time":45274,"minecraft:fall_one_cm":23525},"minecraft:used":{"minecraft:cooked_mutton":4,"minecraft:stone_pickaxe":18,"minecraft:oak_planks":5,"minecraft:chest":3,"minecraft:spruce_planks":90,"minecraft:wooden_pickaxe":6,"minecraft:bell":1,"minecraft:rotten_flesh":1,"minecraft:dirt":9,"minecraft:crafting_table":7,"minecraft:white_bed":5,"minecraft:smoker":1,"minecraft:spruce_trapdoor":4,"minecraft:spruce_sapling":5,"minecraft:stone_axe":108,"minecraft:fishing_rod":21,"minecraft:sweet_berries":13,"minecraft:purple_bed":1,"minecraft:furnace":2,"minecraft:cooked_beef":2},"minecraft:dropped":{"minecraft:stone_axe":1,"minecraft:cooked_beef":3,"minecraft:stick":1,"minecraft:oak_sapling":1,"minecraft:spruce_sapling":5},"minecraft:crafted":{"minecraft:cooked_beef":5,"minecraft:oak_planks":80,"minecraft:crafting_table":3,"minecraft:spruce_planks":144,"minecraft:wooden_pickaxe":1,"minecraft:furnace":1,"minecraft:stone_axe":2,"minecraft:air":0,"minecraft:cooked_mutton":8,"minecraft:stick":8,"minecraft:stone_pickaxe":1,"minecraft:chest":3,"minecraft:white_bed":1,"minecraft:smoker":1},"minecraft:picked_up":{"minecraft:crafting_table":4,"minecraft:leather":2,"minecraft:oak_log":20,"minecraft:blue_bed":1,"minecraft:dirt":9,"minecraft:bell":1,"minecraft:spruce_planks":19,"minecraft:beef":5,"minecraft:oak_planks":63,"minecraft:spruce_trapdoor":4,"minecraft:furnace":2,"minecraft:stick":5,"minecraft:sweet_berries":29,"minecraft:spruce_sapling":11,"minecraft:white_bed":4,"minecraft:spruce_log":40,"minecraft:purple_bed":1,"minecraft:rotten_flesh":1,"minecraft:oak_sapling":1,"minecraft:mutton":5,"minecraft:white_wool":3,"minecraft:cobblestone":17},"minecraft:killed":{"minecraft:sheep":3,"minecraft:drowned":1,"minecraft:cow":2}},"DataVersion":3953}