{"stats":{"minecraft:used":{"minecraft:stone_pickaxe":11,"minecraft:chest":1,"minecraft:wooden_pickaxe":6,"minecraft:stone_axe":31,"minecraft:crafting_table":3,"minecraft:furnace":1,"minecraft:cooked_beef":2},"minecraft:mined":{"minecraft:furnace":1,"minecraft:crafting_table":2,"minecraft:short_grass":2,"minecraft:grass_block":1,"minecraft:oak_log":20,"minecraft:stone":15,"minecraft:oak_leaves":7},"minecraft:crafted":{"minecraft:cooked_beef":2,"minecraft:oak_planks":80,"minecraft:crafting_table":1,"minecraft:stick":8,"minecraft:wooden_pickaxe":1,"minecraft:stone_pickaxe":1,"minecraft:chest":1,"minecraft:furnace":1,"minecraft:stone_axe":1,"minecraft:air":0},"minecraft:dropped":{"minecraft:stone_axe":1,"minecraft:oak_sapling":1},"minecraft:picked_up":{"minecraft:stick":2,"minecraft:crafting_table":2,"minecraft:leather":1,"minecraft:oak_log":20,"minecraft:dirt":1,"minecraft:rotten_flesh":1,"minecraft:beef":2,"minecraft:oak_sapling":1,"minecraft:oak_planks":62,"minecraft:cobblestone":14,"minecraft:furnace":1},"minecraft:custom":{"minecraft:time_since_rest":15423,"minecraft:interact_with_furnace":4,"minecraft:sprint_one_cm":28896,"minecraft:damage_taken":250,"minecraft:walk_one_cm":24401,"minecraft:mob_kills":2,"minecraft:drop":2,"minecraft:damage_dealt":366,"minecraft:interact_with_crafting_table":5,"minecraft:fly_one_cm":104268,"minecraft:open_chest":6,"minecraft:crouch_one_cm":2871,"minecraft:play_time":15423,"minecraft:sneak_time":1005,"minecraft:walk_under_water_one_cm":718,"minecraft:jump":303,"minecraft:leave_game":2,"minecraft:walk_on_water_one_cm":549,"minecraft:time_since_death":15423,"minecraft:total_world_time":15423,"minecraft:fall_one_cm":10644},"minecraft:killed":{"minecraft:drowned":1,"minecraft:cow":1}},"DataVersion":3953}