{"stats":{"minecraft:broken":{"minecraft:iron_pickaxe":1},"minecraft:mined":{"minecraft:tuff":25,"minecraft:spruce_planks":29,"minecraft:white_bed":10,"minecraft:mossy_cobblestone":1,"minecraft:deepslate_diamond_ore":28,"minecraft:spruce_trapdoor":4,"minecraft:granite":9,"minecraft:grass_block":4,"minecraft:spruce_leaves":6,"minecraft:oxeye_daisy":1,"minecraft:hay_block":40,"minecraft:oak_trapdoor":1,"minecraft:furnace":3,"minecraft:iron_ore":43,"minecraft:cobbled_deepslate":1,"minecraft:azure_bluet":1,"minecraft:deepslate_iron_ore":5,"minecraft:stone":72,"minecraft:deepslate_redstone_ore":6,"minecraft:oak_slab":2,"minecraft:dandelion":3,"minecraft:cornflower":1,"minecraft:crafting_table":5,"minecraft:short_grass":54,"minecraft:poppy":1,"minecraft:chest":2,"minecraft:tall_grass":5,"minecraft:cobblestone":8,"minecraft:lapis_ore":1,"minecraft:sugar_cane":8,"minecraft:oak_planks":8,"minecraft:diorite":7,"minecraft:blue_bed":1,"minecraft:purple_bed":1,"minecraft:sweet_berry_bush":13,"minecraft:spruce_log":40,"minecraft:yellow_bed":6,"minecraft:coal_ore":11,"minecraft:oak_log":29,"minecraft:gravel":4,"minecraft:dirt":2,"minecraft:oak_leaves":13,"minecraft:deepslate":161},"minecraft:custom":{"minecraft:mob_kills":19,"minecraft:interact_with_crafting_table":29,"minecraft:bell_ring":116,"minecraft:leave_game":5,"minecraft:time_since_death":41904,"minecraft:sprint_one_cm":262497,"minecraft:walk_one_cm":347463,"minecraft:drop":122,"minecraft:talked_to_villager":1,"minecraft:play_time":115254,"minecraft:deaths":1,"minecraft:sneak_time":15554,"minecraft:walk_under_water_one_cm":13080,"minecraft:boat_one_cm":159431,"minecraft:jump":2724,"minecraft:walk_on_water_one_cm":14351,"minecraft:total_world_time":115254,"minecraft:interact_with_furnace":43,"minecraft:sleep_in_bed":8,"minecraft:time_since_rest":42017,"minecraft:damage_taken":2115,"minecraft:damage_dealt":3365,"minecraft:swim_one_cm":10250,"minecraft:fly_one_cm":481867,"minecraft:open_chest":65,"minecraft:crouch_one_cm":55242,"minecraft:interact_with_smoker":7,"minecraft:fall_one_cm":78129},"minecraft:used":{"minecraft:oak_trapdoor":3,"minecraft:spruce_planks":164,"minecraft:chest":6,"minecraft:bell":1,"minecraft:stone_hoe":40,"minecraft:rotten_flesh":1,"minecraft:dirt":10,"minecraft:granite":3,"minecraft:iron_axe":41,"minecraft:sweet_berries":13,"minecraft:furnace":4,"minecraft:cooked_beef":2,"minecraft:cobbled_deepslate":73,"minecraft:cooked_mutton":7,"minecraft:water_bucket":36,"minecraft:stone_pickaxe":161,"minecraft:oak_planks":80,"minecraft:wooden_pickaxe":6,"minecraft:sugar_cane":15,"minecraft:mossy_cobblestone":1,"minecraft:oak_slab":4,"minecraft:crafting_table":12,"minecraft:white_bed":17,"minecraft:smoker":1,"minecraft:bread":29,"minecraft:iron_pickaxe":256,"minecraft:spruce_trapdoor":4,"minecraft:spruce_sapling":5,"minecraft:stone_axe":169,"minecraft:fishing_rod":21,"minecraft:cobblestone":48,"minecraft:purple_bed":1,"minecraft:bucket":37,"minecraft:yellow_bed":7},"minecraft:crafted":{"minecraft:oak_planks":96,"minecraft:furnace":2,"minecraft:cooked_mutton":8,"minecraft:oak_trapdoor":4,"minecraft:iron_axe":1,"minecraft:stone_pickaxe":1,"minecraft:chest":4,"minecraft:stone_hoe":1,"minecraft:smoker":1,"minecraft:wheat":360,"minecraft:cooked_beef":5,"minecraft:oak_slab":6,"minecraft:crafting_table":7,"minecraft:spruce_planks":144,"minecraft:wooden_pickaxe":1,"minecraft:bucket":1,"minecraft:stone_axe":3,"minecraft:bread":120,"minecraft:air":0,"minecraft:stick":20,"minecraft:iron_ingot":40,"minecraft:iron_pickaxe":2,"minecraft:white_bed":1},"minecraft:dropped":{"minecraft:bread":94,"minecraft:wheat_seeds":2,"minecraft:cooked_beef":3,"minecraft:stick":1,"minecraft:iron_pickaxe":2,"minecraft:string":6,"minecraft:spruce_sapling":5,"minecraft:stone_axe":3,"minecraft:rotten_flesh":2,"minecraft:azure_bluet":1,"minecraft:white_bed":2,"minecraft:gunpowder":10,"minecraft:oak_sapling":1,"minecraft:stone_pickaxe":6},"minecraft:picked_up":{"minecraft:crafting_table":5,"minecraft:azure_bluet":1,"minecraft:enchanted_book":1,"minecraft:cornflower":1,"minecraft:oak_trapdoor":2,"minecraft:cobbled_deepslate":171,"minecraft:spruce_planks":29,"minecraft:beef":5,"minecraft:iron_pickaxe":4,"minecraft:sugar_cane":15,"minecraft:chest":2,"minecraft:spruce_trapdoor":4,"minecraft:furnace":3,"minecraft:raw_iron":47,"minecraft:stick":17,"minecraft:diorite":5,"minecraft:redstone":25,"minecraft:arrow":4,"minecraft:rotten_flesh":5,"minecraft:hay_block":40,"minecraft:mutton":5,"minecraft:cobblestone":91,"minecraft:white_wool":3,"minecraft:oxeye_daisy":1,"minecraft:leather":2,"minecraft:potato":7,"minecraft:tuff":25,"minecraft:oak_log":37,"minecraft:yellow_bed":7,"minecraft:blue_bed":1,"minecraft:lapis_lazuli":12,"minecraft:dirt":10,"minecraft:cooked_mutton":1,"minecraft:bone":7,"minecraft:wheat_seeds":7,"minecraft:bell":1,"minecraft:stone_pickaxe":6,"minecraft:iron_ingot":36,"minecraft:stone_hoe":1,"minecraft:oak_planks":171,"minecraft:oak_slab":8,"minecraft:sweet_berries":29,"minecraft:dandelion":3,"minecraft:gravel":5,"minecraft:spruce_sapling":11,"minecraft:white_bed":18,"minecraft:spruce_log":40,"minecraft:mossy_cobblestone":1,"minecraft:purple_bed":1,"minecraft:diamond":28,"minecraft:stone_axe":3,"minecraft:granite":12,"minecraft:golden_horse_armor":1,"minecraft:bread":36,"minecraft:oak_sapling":1,"minecraft:coal":23},"minecraft:killed":{"minecraft:skeleton":3,"minecraft:drowned":1,"minecraft:creeper":1,"minecraft:sheep":3,"minecraft:pillager":1,"minecraft:zombie":7,"minecraft:cow":2}},"DataVersion":3953}