{"stats":{"minecraft:broken":{"minecraft:flint_and_steel":1,"minecraft:iron_pickaxe":1},"minecraft:mined":{"minecraft:tuff":25,"minecraft:spruce_planks":29,"minecraft:white_bed":10,"minecraft:farmland":2,"minecraft:mossy_cobblestone":16,"minecraft:deepslate_diamond_ore":28,"minecraft:oak_door":3,"minecraft:cobblestone_stairs":3,"minecraft:spruce_trapdoor":4,"minecraft:granite":9,"minecraft:grass_block":12,"minecraft:spruce_leaves":6,"minecraft:composter":2,"minecraft:oxeye_daisy":1,"minecraft:hay_block":40,"minecraft:oak_trapdoor":1,"minecraft:carrots":13,"minecraft:furnace":3,"minecraft:iron_ore":43,"minecraft:fire":7,"minecraft:cobbled_deepslate":1,"minecraft:azure_bluet":1,"minecraft:potatoes":13,"minecraft:deepslate_iron_ore":5,"minecraft:oak_stairs":3,"minecraft:stripped_oak_log":2,"minecraft:stone":72,"minecraft:deepslate_redstone_ore":6,"minecraft:oak_slab":2,"minecraft:glass_pane":9,"minecraft:dandelion":3,"minecraft:oak_fence":6,"minecraft:cornflower":1,"minecraft:crafting_table":5,"minecraft:short_grass":85,"minecraft:poppy":1,"minecraft:chest":2,"minecraft:tall_grass":5,"minecraft:cobblestone":87,"minecraft:lapis_ore":1,"minecraft:sugar_cane":8,"minecraft:oak_planks":23,"minecraft:wall_torch":1,"minecraft:diorite":7,"minecraft:blue_bed":1,"minecraft:white_terracotta":33,"minecraft:purple_bed":1,"minecraft:wheat":9,"minecraft:sweet_berry_bush":13,"minecraft:spruce_log":40,"minecraft:stripped_oak_wood":2,"minecraft:yellow_bed":6,"minecraft:coal_ore":11,"minecraft:oak_log":78,"minecraft:gravel":7,"minecraft:dirt":4,"minecraft:oak_leaves":28,"minecraft:deepslate":161},"minecraft:custom":{"minecraft:mob_kills":20,"minecraft:interact_with_crafting_table":46,"minecraft:bell_ring":116,"minecraft:leave_game":5,"minecraft:time_since_death":65904,"minecraft:sprint_one_cm":308742,"minecraft:walk_one_cm":447191,"minecraft:drop":127,"minecraft:talked_to_villager":1,"minecraft:play_time":139254,"minecraft:deaths":1,"minecraft:sneak_time":19385,"minecraft:walk_under_water_one_cm":13080,"minecraft:boat_one_cm":159431,"minecraft:jump":3117,"minecraft:walk_on_water_one_cm":16036,"minecraft:total_world_time":139254,"minecraft:interact_with_furnace":54,"minecraft:sleep_in_bed":8,"minecraft:time_since_rest":66017,"minecraft:damage_taken":2260,"minecraft:damage_dealt":3565,"minecraft:swim_one_cm":10250,"minecraft:fly_one_cm":568188,"minecraft:open_chest":125,"minecraft:crouch_one_cm":73848,"minecraft:interact_with_smoker":7,"minecraft:fall_one_cm":85228},"minecraft:used":{"minecraft:oak_fence":1,"minecraft:oak_trapdoor":7,"minecraft:flint_and_steel":64,"minecraft:spruce_planks":164,"minecraft:chest":20,"minecraft:white_terracotta":2,"minecraft:bell":1,"minecraft:stone_hoe":148,"minecraft:rotten_flesh":1,"minecraft:dirt":20,"minecraft:carrot":19,"minecraft:granite":3,"minecraft:iron_axe":142,"minecraft:sweet_berries":13,"minecraft:furnace":5,"minecraft:potato":55,"minecraft:cooked_beef":2,"minecraft:cobbled_deepslate":73,"minecraft:cooked_mutton":7,"minecraft:water_bucket":39,"minecraft:stone_pickaxe":161,"minecraft:oak_planks":95,"minecraft:wooden_pickaxe":6,"minecraft:composter":3,"minecraft:sugar_cane":15,"minecraft:mossy_cobblestone":1,"minecraft:oak_slab":24,"minecraft:crafting_table":13,"minecraft:white_bed":17,"minecraft:smoker":1,"minecraft:bread":33,"minecraft:iron_pickaxe":392,"minecraft:spruce_trapdoor":4,"minecraft:spruce_sapling":5,"minecraft:gravel":3,"minecraft:stone_axe":169,"minecraft:fishing_rod":21,"minecraft:cobblestone":48,"minecraft:purple_bed":1,"minecraft:bucket":40,"minecraft:glass_pane":80,"minecraft:yellow_bed":7,"minecraft:bone_meal":21},"minecraft:crafted":{"minecraft:oak_planks":288,"minecraft:furnace":3,"minecraft:bone_meal":21,"minecraft:glass_pane":112,"minecraft:cooked_mutton":8,"minecraft:oak_trapdoor":14,"minecraft:flint_and_steel":1,"minecraft:glass":55,"minecraft:iron_axe":1,"minecraft:stone_pickaxe":1,"minecraft:chest":18,"minecraft:oak_button":1,"minecraft:stone_hoe":2,"minecraft:smoker":1,"minecraft:wheat":360,"minecraft:cooked_beef":5,"minecraft:oak_slab":48,"minecraft:crafting_table":8,"minecraft:spruce_planks":144,"minecraft:wooden_pickaxe":1,"minecraft:bucket":1,"minecraft:stone_axe":3,"minecraft:bread":120,"minecraft:air":0,"minecraft:stick":20,"minecraft:iron_ingot":40,"minecraft:iron_pickaxe":2,"minecraft:white_bed":1,"minecraft:composter":1},"minecraft:dropped":{"minecraft:bread":94,"minecraft:wheat_seeds":3,"minecraft:cooked_beef":3,"minecraft:oak_fence":1,"minecraft:stick":1,"minecraft:iron_pickaxe":2,"minecraft:string":6,"minecraft:spruce_sapling":5,"minecraft:stone_axe":3,"minecraft:rotten_flesh":2,"minecraft:oak_planks":2,"minecraft:azure_bluet":1,"minecraft:white_bed":2,"minecraft:gunpowder":10,"minecraft:oak_sapling":2,"minecraft:stone_pickaxe":6},"minecraft:picked_up":{"minecraft:crafting_table":5,"minecraft:wheat":6,"minecraft:azure_bluet":1,"minecraft:oak_stairs":3,"minecraft:enchanted_book":1,"minecraft:cornflower":1,"minecraft:oak_trapdoor":2,"minecraft:cobbled_deepslate":171,"minecraft:spruce_planks":29,"minecraft:beef":5,"minecraft:poppy":1,"minecraft:iron_pickaxe":4,"minecraft:sugar_cane":15,"minecraft:chest":2,"minecraft:spruce_trapdoor":4,"minecraft:furnace":3,"minecraft:raw_iron":47,"minecraft:stick":19,"minecraft:oak_door":3,"minecraft:composter":2,"minecraft:oak_fence":6,"minecraft:torch":17,"minecraft:diorite":5,"minecraft:carrot":19,"minecraft:redstone":25,"minecraft:arrow":4,"minecraft:rotten_flesh":5,"minecraft:hay_block":40,"minecraft:white_terracotta":33,"minecraft:mutton":5,"minecraft:cobblestone":170,"minecraft:white_wool":3,"minecraft:oxeye_daisy":1,"minecraft:stripped_oak_log":2,"minecraft:leather":2,"minecraft:potato":55,"minecraft:flint":1,"minecraft:tuff":25,"minecraft:oak_log":86,"minecraft:yellow_bed":7,"minecraft:gunpowder":2,"minecraft:cobblestone_stairs":3,"minecraft:blue_bed":1,"minecraft:lapis_lazuli":12,"minecraft:dirt":22,"minecraft:cooked_mutton":1,"minecraft:bone":7,"minecraft:wheat_seeds":22,"minecraft:bell":1,"minecraft:stone_pickaxe":6,"minecraft:iron_ingot":36,"minecraft:stripped_oak_wood":2,"minecraft:stone_hoe":1,"minecraft:oak_planks":186,"minecraft:oak_slab":8,"minecraft:sweet_berries":29,"minecraft:dandelion":3,"minecraft:gravel":7,"minecraft:sand":108,"minecraft:spruce_sapling":11,"minecraft:white_bed":18,"minecraft:spruce_log":40,"minecraft:mossy_cobblestone":16,"minecraft:purple_bed":1,"minecraft:diamond":28,"minecraft:stone_axe":3,"minecraft:granite":12,"minecraft:golden_horse_armor":1,"minecraft:bread":36,"minecraft:oak_sapling":3,"minecraft:coal":23},"minecraft:killed":{"minecraft:skeleton":3,"minecraft:drowned":1,"minecraft:creeper":2,"minecraft:sheep":3,"minecraft:pillager":1,"minecraft:zombie":7,"minecraft:cow":2}},"DataVersion":3953}