{"stats":{"minecraft:mined":{"minecraft:deepslate_redstone_ore":6,"minecraft:oak_slab":2,"minecraft:tuff":24,"minecraft:spruce_planks":29,"minecraft:white_bed":10,"minecraft:mossy_cobblestone":1,"minecraft:deepslate_diamond_ore":28,"minecraft:crafting_table":4,"minecraft:spruce_trapdoor":4,"minecraft:short_grass":34,"minecraft:grass_block":4,"minecraft:tall_grass":5,"minecraft:cobblestone":2,"minecraft:spruce_leaves":6,"minecraft:lapis_ore":1,"minecraft:oak_planks":4,"minecraft:sugar_cane":2,"minecraft:blue_bed":1,"minecraft:hay_block":40,"minecraft:purple_bed":1,"minecraft:oak_trapdoor":1,"minecraft:furnace":2,"minecraft:iron_ore":28,"minecraft:cobbled_deepslate":1,"minecraft:sweet_berry_bush":13,"minecraft:spruce_log":40,"minecraft:yellow_bed":6,"minecraft:oak_log":29,"minecraft:coal_ore":11,"minecraft:deepslate_iron_ore":5,"minecraft:dirt":2,"minecraft:stone":36,"minecraft:oak_leaves":13,"minecraft:deepslate":140},"minecraft:custom":{"minecraft:interact_with_furnace":39,"minecraft:mob_kills":16,"minecraft:interact_with_crafting_table":29,"minecraft:bell_ring":113,"minecraft:leave_game":3,"minecraft:time_since_death":25552,"minecraft:sleep_in_bed":8,"minecraft:time_since_rest":25665,"minecraft:sprint_one_cm":236659,"minecraft:damage_taken":1890,"minecraft:walk_one_cm":294927,"minecraft:drop":117,"minecraft:damage_dealt":2675,"minecraft:swim_one_cm":9516,"minecraft:talked_to_villager":1,"minecraft:fly_one_cm":431071,"minecraft:open_chest":56,"minecraft:play_time":98902,"minecraft:crouch_one_cm":43342,"minecraft:sneak_time":13133,"minecraft:deaths":1,"minecraft:walk_under_water_one_cm":5488,"minecraft:boat_one_cm":159431,"minecraft:jump":2238,"minecraft:walk_on_water_one_cm":7346,"minecraft:total_world_time":98902,"minecraft:interact_with_smoker":7,"minecraft:fall_one_cm":70356},"minecraft:used":{"minecraft:oak_trapdoor":3,"minecraft:cooked_mutton":7,"minecraft:water_bucket":7,"minecraft:stone_pickaxe":131,"minecraft:oak_planks":76,"minecraft:chest":4,"minecraft:spruce_planks":164,"minecraft:wooden_pickaxe":6,"minecraft:sugar_cane":4,"minecraft:bell":1,"minecraft:stone_hoe":40,"minecraft:rotten_flesh":1,"minecraft:mossy_cobblestone":1,"minecraft:dirt":10,"minecraft:oak_slab":4,"minecraft:crafting_table":11,"minecraft:white_bed":17,"minecraft:granite":3,"minecraft:smoker":1,"minecraft:iron_axe":16,"minecraft:bread":23,"minecraft:iron_pickaxe":189,"minecraft:spruce_trapdoor":4,"minecraft:spruce_sapling":5,"minecraft:fishing_rod":21,"minecraft:stone_axe":169,"minecraft:cobblestone":29,"minecraft:purple_bed":1,"minecraft:sweet_berries":13,"minecraft:furnace":3,"minecraft:bucket":8,"minecraft:yellow_bed":7,"minecraft:cooked_beef":2,"minecraft:cobbled_deepslate":37},"minecraft:dropped":{"minecraft:bread":94,"minecraft:stone_axe":3,"minecraft:cooked_beef":3,"minecraft:rotten_flesh":2,"minecraft:white_bed":2,"minecraft:stick":1,"minecraft:gunpowder":10,"minecraft:oak_sapling":1,"minecraft:stone_pickaxe":4,"minecraft:iron_pickaxe":2,"minecraft:string":6,"minecraft:spruce_sapling":5},"minecraft:crafted":{"minecraft:cooked_beef":5,"minecraft:oak_slab":6,"minecraft:oak_planks":96,"minecraft:crafting_table":7,"minecraft:spruce_planks":144,"minecraft:wooden_pickaxe":1,"minecraft:furnace":2,"minecraft:bucket":1,"minecraft:stone_axe":3,"minecraft:air":0,"minecraft:bread":120,"minecraft:cooked_mutton":8,"minecraft:oak_trapdoor":4,"minecraft:iron_axe":1,"minecraft:stick":20,"minecraft:iron_ingot":33,"minecraft:stone_pickaxe":1,"minecraft:iron_pickaxe":2,"minecraft:chest":4,"minecraft:white_bed":1,"minecraft:stone_hoe":1,"minecraft:wheat":360,"minecraft:smoker":1},"minecraft:picked_up":{"minecraft:crafting_table":4,"minecraft:leather":2,"minecraft:tuff":24,"minecraft:oak_log":37,"minecraft:yellow_bed":7,"minecraft:dirt":10,"minecraft:lapis_lazuli":12,"minecraft:blue_bed":1,"minecraft:oak_trapdoor":1,"minecraft:bone":7,"minecraft:wheat_seeds":2,"minecraft:cobbled_deepslate":147,"minecraft:bell":1,"minecraft:spruce_planks":29,"minecraft:iron_ingot":1,"minecraft:beef":5,"minecraft:stone_pickaxe":4,"minecraft:iron_pickaxe":4,"minecraft:sugar_cane":4,"minecraft:oak_planks":167,"minecraft:spruce_trapdoor":4,"minecraft:furnace":2,"minecraft:oak_slab":3,"minecraft:stick":17,"minecraft:raw_iron":35,"minecraft:sweet_berries":29,"minecraft:spruce_sapling":11,"minecraft:white_bed":18,"minecraft:spruce_log":40,"minecraft:redstone":25,"minecraft:mossy_cobblestone":1,"minecraft:arrow":4,"minecraft:purple_bed":1,"minecraft:rotten_flesh":5,"minecraft:diamond":28,"minecraft:stone_axe":2,"minecraft:hay_block":40,"minecraft:granite":3,"minecraft:bread":36,"minecraft:oak_sapling":1,"minecraft:mutton":5,"minecraft:coal":11,"minecraft:white_wool":3,"minecraft:cobblestone":63},"minecraft:killed":{"minecraft:creeper":1,"minecraft:sheep":3,"minecraft:skeleton":3,"minecraft:zombie":6,"minecraft:drowned":1,"minecraft:cow":2}},"DataVersion":3953}