{"stats":{"minecraft:mined":{"minecraft:oak_slab":2,"minecraft:spruce_planks":29,"minecraft:white_bed":10,"minecraft:mossy_cobblestone":1,"minecraft:crafting_table":4,"minecraft:spruce_trapdoor":4,"minecraft:short_grass":31,"minecraft:grass_block":3,"minecraft:tall_grass":5,"minecraft:cobblestone":1,"minecraft:spruce_leaves":6,"minecraft:oak_planks":4,"minecraft:blue_bed":1,"minecraft:hay_block":40,"minecraft:purple_bed":1,"minecraft:oak_trapdoor":1,"minecraft:furnace":2,"minecraft:sweet_berry_bush":13,"minecraft:spruce_log":40,"minecraft:yellow_bed":6,"minecraft:coal_ore":10,"minecraft:oak_log":20,"minecraft:dirt":2,"minecraft:stone":34,"minecraft:oak_leaves":7},"minecraft:custom":{"minecraft:interact_with_furnace":14,"minecraft:mob_kills":10,"minecraft:interact_with_crafting_table":19,"minecraft:bell_ring":113,"minecraft:leave_game":2,"minecraft:time_since_death":63274,"minecraft:sleep_in_bed":7,"minecraft:time_since_rest":12351,"minecraft:sprint_one_cm":153168,"minecraft:damage_taken":820,"minecraft:walk_one_cm":191718,"minecraft:drop":90,"minecraft:damage_dealt":1591,"minecraft:talked_to_villager":1,"minecraft:swim_one_cm":8190,"minecraft:fly_one_cm":304833,"minecraft:open_chest":42,"minecraft:crouch_one_cm":19776,"minecraft:play_time":63274,"minecraft:sneak_time":5586,"minecraft:walk_under_water_one_cm":4308,"minecraft:boat_one_cm":159431,"minecraft:jump":1375,"minecraft:walk_on_water_one_cm":4106,"minecraft:interact_with_smoker":7,"minecraft:total_world_time":63274,"minecraft:fall_one_cm":34641},"minecraft:used":{"minecraft:oak_trapdoor":2,"minecraft:cooked_mutton":7,"minecraft:stone_pickaxe":46,"minecraft:oak_planks":76,"minecraft:chest":4,"minecraft:spruce_planks":164,"minecraft:wooden_pickaxe":6,"minecraft:bell":1,"minecraft:stone_hoe":40,"minecraft:rotten_flesh":1,"minecraft:dirt":9,"minecraft:oak_slab":4,"minecraft:crafting_table":9,"minecraft:white_bed":17,"minecraft:smoker":1,"minecraft:bread":4,"minecraft:spruce_trapdoor":4,"minecraft:spruce_sapling":5,"minecraft:stone_axe":154,"minecraft:fishing_rod":21,"minecraft:cobblestone":2,"minecraft:sweet_berries":13,"minecraft:purple_bed":1,"minecraft:furnace":2,"minecraft:yellow_bed":7,"minecraft:cooked_beef":2},"minecraft:dropped":{"minecraft:bread":79,"minecraft:stone_axe":3,"minecraft:cooked_beef":3,"minecraft:stick":1,"minecraft:oak_sapling":1,"minecraft:spruce_sapling":5},"minecraft:crafted":{"minecraft:cooked_beef":5,"minecraft:oak_slab":6,"minecraft:oak_planks":80,"minecraft:crafting_table":5,"minecraft:spruce_planks":144,"minecraft:wooden_pickaxe":1,"minecraft:furnace":1,"minecraft:stone_axe":3,"minecraft:bread":120,"minecraft:air":0,"minecraft:cooked_mutton":8,"minecraft:oak_trapdoor":2,"minecraft:stick":20,"minecraft:stone_pickaxe":1,"minecraft:chest":4,"minecraft:white_bed":1,"minecraft:stone_hoe":1,"minecraft:wheat":360,"minecraft:smoker":1},"minecraft:picked_up":{"minecraft:crafting_table":4,"minecraft:leather":2,"minecraft:oak_log":20,"minecraft:yellow_bed":7,"minecraft:oak_trapdoor":1,"minecraft:blue_bed":1,"minecraft:dirt":9,"minecraft:wheat_seeds":2,"minecraft:bell":1,"minecraft:spruce_planks":29,"minecraft:beef":5,"minecraft:oak_planks":166,"minecraft:spruce_trapdoor":4,"minecraft:furnace":2,"minecraft:oak_slab":3,"minecraft:stick":8,"minecraft:sweet_berries":29,"minecraft:spruce_sapling":11,"minecraft:white_bed":16,"minecraft:spruce_log":40,"minecraft:mossy_cobblestone":1,"minecraft:purple_bed":1,"minecraft:rotten_flesh":2,"minecraft:stone_axe":2,"minecraft:hay_block":40,"minecraft:oak_sapling":1,"minecraft:coal":10,"minecraft:mutton":5,"minecraft:white_wool":3,"minecraft:cobblestone":35},"minecraft:killed":{"minecraft:sheep":3,"minecraft:zombie":4,"minecraft:drowned":1,"minecraft:cow":2}},"DataVersion":3953}