{"stats":{"minecraft:mined":{"minecraft:spruce_planks":17,"minecraft:white_bed":2,"minecraft:crafting_table":4,"minecraft:spruce_trapdoor":4,"minecraft:short_grass":5,"minecraft:grass_block":2,"minecraft:spruce_leaves":2,"minecraft:oak_planks":1,"minecraft:blue_bed":1,"minecraft:purple_bed":1,"minecraft:furnace":1,"minecraft:sweet_berry_bush":13,"minecraft:spruce_log":28,"minecraft:oak_log":20,"minecraft:dirt":2,"minecraft:stone":18,"minecraft:oak_leaves":7},"minecraft:custom":{"minecraft:interact_with_furnace":8,"minecraft:mob_kills":6,"minecraft:interact_with_crafting_table":10,"minecraft:bell_ring":40,"minecraft:leave_game":2,"minecraft:time_since_death":33274,"minecraft:time_since_rest":33274,"minecraft:sprint_one_cm":65187,"minecraft:damage_taken":390,"minecraft:walk_one_cm":71661,"minecraft:drop":2,"minecraft:damage_dealt":706,"minecraft:swim_one_cm":8190,"minecraft:fly_one_cm":146531,"minecraft:open_chest":25,"minecraft:crouch_one_cm":9563,"minecraft:play_time":33274,"minecraft:sneak_time":2552,"minecraft:walk_under_water_one_cm":3997,"minecraft:boat_one_cm":159431,"minecraft:jump":589,"minecraft:walk_on_water_one_cm":3419,"minecraft:total_world_time":33274,"minecraft:fall_one_cm":16926},"minecraft:used":{"minecraft:cooked_mutton":1,"minecraft:stone_pickaxe":14,"minecraft:oak_planks":4,"minecraft:chest":3,"minecraft:spruce_planks":81,"minecraft:wooden_pickaxe":6,"minecraft:bell":1,"minecraft:rotten_flesh":1,"minecraft:dirt":4,"minecraft:crafting_table":7,"minecraft:white_bed":1,"minecraft:spruce_trapdoor":4,"minecraft:stone_axe":91,"minecraft:fishing_rod":21,"minecraft:sweet_berries":6,"minecraft:purple_bed":1,"minecraft:furnace":2,"minecraft:cooked_beef":2},"minecraft:dropped":{"minecraft:stone_axe":1,"minecraft:oak_sapling":1},"minecraft:crafted":{"minecraft:cooked_beef":2,"minecraft:oak_planks":80,"minecraft:crafting_table":3,"minecraft:spruce_planks":112,"minecraft:wooden_pickaxe":1,"minecraft:furnace":1,"minecraft:stone_axe":2,"minecraft:air":0,"minecraft:cooked_mutton":1,"minecraft:stick":8,"minecraft:stone_pickaxe":1,"minecraft:chest":3,"minecraft:white_bed":1},"minecraft:picked_up":{"minecraft:crafting_table":4,"minecraft:leather":2,"minecraft:oak_log":20,"minecraft:blue_bed":1,"minecraft:dirt":4,"minecraft:bell":1,"minecraft:spruce_planks":17,"minecraft:beef":5,"minecraft:oak_planks":63,"minecraft:spruce_trapdoor":4,"minecraft:furnace":1,"minecraft:stick":2,"minecraft:sweet_berries":29,"minecraft:spruce_sapling":1,"minecraft:white_bed":2,"minecraft:spruce_log":28,"minecraft:purple_bed":1,"minecraft:rotten_flesh":1,"minecraft:oak_sapling":1,"minecraft:mutton":5,"minecraft:white_wool":3,"minecraft:cobblestone":17},"minecraft:killed":{"minecraft:sheep":3,"minecraft:drowned":1,"minecraft:cow":2}},"DataVersion":3953}