{"stats":{"minecraft:broken":{"minecraft:flint_and_steel":1,"minecraft:iron_pickaxe":2},"minecraft:mined":{"minecraft:tuff":25,"minecraft:spruce_planks":29,"minecraft:white_bed":20,"minecraft:farmland":2,"minecraft:mossy_cobblestone":16,"minecraft:deepslate_diamond_ore":28,"minecraft:oak_door":3,"minecraft:cobblestone_stairs":3,"minecraft:obsidian":12,"minecraft:spruce_trapdoor":4,"minecraft:granite":86,"minecraft:grass_block":70,"minecraft:spruce_leaves":6,"minecraft:composter":2,"minecraft:oxeye_daisy":1,"minecraft:hay_block":40,"minecraft:oak_trapdoor":1,"minecraft:furnace":3,"minecraft:carrots":13,"minecraft:iron_ore":47,"minecraft:cobbled_deepslate":1,"minecraft:fire":7,"minecraft:azure_bluet":1,"minecraft:bell":1,"minecraft:potatoes":15,"minecraft:dirt_path":4,"minecraft:deepslate_iron_ore":5,"minecraft:cobblestone_slab":3,"minecraft:rail":18,"minecraft:oak_stairs":3,"minecraft:stripped_oak_log":2,"minecraft:stone":100,"minecraft:deepslate_redstone_ore":6,"minecraft:oak_slab":2,"minecraft:glass_pane":15,"minecraft:dandelion":3,"minecraft:oak_fence":6,"minecraft:crafting_table":5,"minecraft:cornflower":1,"minecraft:short_grass":118,"minecraft:poppy":1,"minecraft:chest":2,"minecraft:tall_grass":8,"minecraft:glass":11,"minecraft:cobblestone":88,"minecraft:lapis_ore":1,"minecraft:deepslate_gold_ore":8,"minecraft:oak_planks":23,"minecraft:sugar_cane":43,"minecraft:diorite":35,"minecraft:wall_torch":1,"minecraft:blue_bed":1,"minecraft:white_terracotta":33,"minecraft:purple_bed":1,"minecraft:wheat":14,"minecraft:sweet_berry_bush":13,"minecraft:spruce_log":40,"minecraft:stripped_oak_wood":2,"minecraft:yellow_bed":16,"minecraft:oak_log":85,"minecraft:coal_ore":44,"minecraft:gravel":45,"minecraft:dirt":64,"minecraft:oak_leaves":31,"minecraft:deepslate":173},"minecraft:custom":{"minecraft:mob_kills":41,"minecraft:interact_with_crafting_table":69,"minecraft:open_barrel":4,"minecraft:bell_ring":163,"minecraft:leave_game":6,"minecraft:time_since_death":194216,"minecraft:sprint_one_cm":504261,"minecraft:walk_one_cm":738439,"minecraft:drop":157,"minecraft:talked_to_villager":11,"minecraft:play_time":267566,"minecraft:sneak_time":25205,"minecraft:deaths":1,"minecraft:walk_under_water_one_cm":22992,"minecraft:boat_one_cm":159431,"minecraft:jump":5517,"minecraft:walk_on_water_one_cm":33284,"minecraft:total_world_time":267566,"minecraft:interact_with_furnace":78,"minecraft:traded_with_villager":36,"minecraft:sleep_in_bed":11,"minecraft:time_since_rest":83231,"minecraft:damage_taken":3609,"minecraft:damage_dealt":7714,"minecraft:swim_one_cm":25718,"minecraft:fly_one_cm":1061574,"minecraft:open_chest":262,"minecraft:crouch_one_cm":97341,"minecraft:interact_with_smoker":7,"minecraft:fall_one_cm":133457},"minecraft:used":{"minecraft:oak_fence":1,"minecraft:oak_trapdoor":16,"minecraft:iron_shovel":146,"minecraft:flint_and_steel":64,"minecraft:chest":20,"minecraft:spruce_planks":164,"minecraft:white_terracotta":2,"minecraft:bell":3,"minecraft:stone_hoe":150,"minecraft:rotten_flesh":1,"minecraft:torch":2,"minecraft:dirt":100,"minecraft:carrot":19,"minecraft:granite":55,"minecraft:glass":20,"minecraft:iron_axe":211,"minecraft:barrel":4,"minecraft:sweet_berries":13,"minecraft:furnace":5,"minecraft:minecart":1,"minecraft:potato":64,"minecraft:cooked_beef":2,"minecraft:cobbled_deepslate":79,"minecraft:wheat_seeds":4,"minecraft:cooked_mutton":7,"minecraft:water_bucket":81,"minecraft:stone_pickaxe":161,"minecraft:powered_rail":2,"minecraft:oak_planks":145,"minecraft:sugar_cane":82,"minecraft:wooden_pickaxe":6,"minecraft:composter":3,"minecraft:fletching_table":1,"minecraft:cobblestone_slab":6,"minecraft:mossy_cobblestone":1,"minecraft:sand":1,"minecraft:rail":102,"minecraft:oak_slab":24,"minecraft:crafting_table":13,"minecraft:white_bed":25,"minecraft:smoker":1,"minecraft:redstone_torch":1,"minecraft:diamond_pickaxe":31,"minecraft:iron_pickaxe":588,"minecraft:bread":68,"minecraft:oak_button":6,"minecraft:spruce_trapdoor":4,"minecraft:gravel":40,"minecraft:spruce_sapling":5,"minecraft:stone_axe":169,"minecraft:fishing_rod":21,"minecraft:cobblestone":50,"minecraft:purple_bed":1,"minecraft:bucket":83,"minecraft:glass_pane":110,"minecraft:yellow_bed":11,"minecraft:oak_boat":2,"minecraft:bone_meal":27},"minecraft:crafted":{"minecraft:oak_planks":400,"minecraft:furnace":3,"minecraft:bone_meal":27,"minecraft:glass_pane":112,"minecraft:cooked_mutton":8,"minecraft:oak_trapdoor":16,"minecraft:flint_and_steel":1,"minecraft:glass":87,"minecraft:iron_boots":1,"minecraft:iron_axe":2,"minecraft:stone_pickaxe":1,"minecraft:chest":18,"minecraft:oak_button":1,"minecraft:rail":80,"minecraft:stone_hoe":2,"minecraft:minecart":1,"minecraft:smoker":1,"minecraft:wheat":360,"minecraft:cooked_beef":5,"minecraft:oak_slab":48,"minecraft:emerald":20,"minecraft:iron_helmet":1,"minecraft:crafting_table":8,"minecraft:spruce_planks":144,"minecraft:wooden_pickaxe":1,"minecraft:powered_rail":6,"minecraft:fletching_table":1,"minecraft:birch_planks":28,"minecraft:bucket":2,"minecraft:stone_axe":3,"minecraft:bread":219,"minecraft:air":0,"minecraft:diamond_pickaxe":1,"minecraft:iron_chestplate":1,"minecraft:stick":684,"minecraft:iron_ingot":74,"minecraft:iron_pickaxe":3,"minecraft:iron_leggings":1,"minecraft:iron_shovel":1,"minecraft:gold_ingot":8,"minecraft:white_bed":1,"minecraft:redstone_torch":1,"minecraft:composter":1},"minecraft:dropped":{"minecraft:bread":131,"minecraft:wheat_seeds":14,"minecraft:cooked_beef":3,"minecraft:minecart":1,"minecraft:oak_fence":1,"minecraft:cobblestone":3,"minecraft:stick":1,"minecraft:dirt":2,"minecraft:iron_pickaxe":2,"minecraft:string":6,"minecraft:bone":2,"minecraft:spruce_sapling":5,"minecraft:stone_axe":3,"minecraft:oak_trapdoor":1,"minecraft:raw_iron":3,"minecraft:wheat":2,"minecraft:rotten_flesh":15,"minecraft:oak_planks":4,"minecraft:azure_bluet":1,"minecraft:white_bed":3,"minecraft:cobblestone_slab":9,"minecraft:oak_button":1,"minecraft:gunpowder":10,"minecraft:oak_sapling":2,"minecraft:barrel":1,"minecraft:stone_pickaxe":6},"minecraft:picked_up":{"minecraft:crafting_table":5,"minecraft:wheat":11,"minecraft:azure_bluet":1,"minecraft:oak_stairs":3,"minecraft:enchanted_book":1,"minecraft:cornflower":1,"minecraft:oak_trapdoor":2,"minecraft:oak_sign":9,"minecraft:cobbled_deepslate":183,"minecraft:spruce_planks":29,"minecraft:beef":8,"minecraft:oak_boat":2,"minecraft:cobblestone_slab":24,"minecraft:poppy":1,"minecraft:iron_pickaxe":4,"minecraft:minecart":1,"minecraft:sugar_cane":82,"minecraft:chest":2,"minecraft:spruce_trapdoor":4,"minecraft:furnace":3,"minecraft:stick":27,"minecraft:raw_iron":50,"minecraft:oak_door":3,"minecraft:composter":2,"minecraft:oak_fence":6,"minecraft:torch":17,"minecraft:diorite":33,"minecraft:carrot":19,"minecraft:redstone":25,"minecraft:arrow":6,"minecraft:rotten_flesh":13,"minecraft:hay_block":40,"minecraft:white_terracotta":33,"minecraft:obsidian":11,"minecraft:mutton":5,"minecraft:cobblestone":198,"minecraft:rail":22,"minecraft:white_wool":3,"minecraft:oxeye_daisy":1,"minecraft:birch_log":7,"minecraft:stripped_oak_log":2,"minecraft:leather":3,"minecraft:potato":64,"minecraft:flint":4,"minecraft:tuff":25,"minecraft:oak_log":110,"minecraft:yellow_bed":17,"minecraft:gunpowder":3,"minecraft:cobblestone_stairs":3,"minecraft:dirt":199,"minecraft:lapis_lazuli":12,"minecraft:blue_bed":1,"minecraft:cooked_mutton":1,"minecraft:bone":11,"minecraft:wheat_seeds":38,"minecraft:raw_gold":8,"minecraft:bell":2,"minecraft:iron_ingot":36,"minecraft:stone_pickaxe":6,"minecraft:stripped_oak_wood":2,"minecraft:stone_hoe":1,"minecraft:oak_planks":421,"minecraft:oak_slab":8,"minecraft:sweet_berries":29,"minecraft:dandelion":3,"minecraft:gravel":42,"minecraft:sand":108,"minecraft:spruce_sapling":11,"minecraft:white_bed":33,"minecraft:spruce_log":40,"minecraft:spider_eye":1,"minecraft:barrel":5,"minecraft:mossy_cobblestone":16,"minecraft:purple_bed":1,"minecraft:diamond":28,"minecraft:stone_axe":3,"minecraft:granite":90,"minecraft:golden_horse_armor":1,"minecraft:bread":41,"minecraft:oak_button":8,"minecraft:oak_sapling":4,"minecraft:coal":56},"minecraft:killed":{"minecraft:spider":1,"minecraft:skeleton":7,"minecraft:drowned":3,"minecraft:creeper":4,"minecraft:sheep":3,"minecraft:pillager":1,"minecraft:zombie":14,"minecraft:cow":3}},"DataVersion":3953}