{"stats":{"minecraft:broken":{"minecraft:stone_pickaxe":1,"minecraft:stone_axe":1,"minecraft:stone_shovel":6},"minecraft:mined":{"minecraft:tuff":48,"minecraft:spruce_planks":13,"minecraft:white_bed":3,"minecraft:mossy_cobblestone":2,"minecraft:deepslate_diamond_ore":9,"minecraft:cobblestone_stairs":1,"minecraft:brewing_stand":2,"minecraft:granite":6,"minecraft:grass_block":230,"minecraft:spawner":1,"minecraft:large_fern":3,"minecraft:furnace":2,"minecraft:iron_ore":22,"minecraft:cobbled_deepslate":6,"minecraft:barrel":1,"minecraft:pumpkin":1,"minecraft:potatoes":5,"minecraft:cobblestone_slab":2,"minecraft:deepslate_iron_ore":23,"minecraft:dirt_path":18,"minecraft:oak_stairs":1,"minecraft:stripped_oak_log":8,"minecraft:stone":356,"minecraft:white_wool":6,"minecraft:oak_fence":1,"minecraft:crafting_table":5,"minecraft:torch":3,"minecraft:short_grass":260,"minecraft:calcite":2,"minecraft:chest":2,"minecraft:tall_grass":22,"minecraft:copper_ore":3,"minecraft:cobblestone":64,"minecraft:deepslate_gold_ore":1,"minecraft:sugar_cane":17,"minecraft:diorite":13,"minecraft:wall_torch":3,"minecraft:blue_bed":2,"minecraft:amethyst_block":3,"minecraft:purple_bed":1,"minecraft:yellow_wool":9,"minecraft:birch_log":14,"minecraft:wheat":73,"minecraft:sweet_berry_bush":1,"minecraft:spruce_log":43,"minecraft:yellow_bed":1,"minecraft:oak_log":253,"minecraft:coal_ore":34,"minecraft:oak_fence_gate":1,"minecraft:gravel":7,"minecraft:sand":137,"minecraft:dirt":188,"minecraft:smooth_basalt":5,"minecraft:oak_leaves":5,"minecraft:deepslate":75,"minecraft:fern":1},"minecraft:custom":{"minecraft:mob_kills":40,"minecraft:interact_with_crafting_table":66,"minecraft:open_barrel":2,"minecraft:bell_ring":39,"minecraft:leave_game":3,"minecraft:time_since_death":228794,"minecraft:climb_one_cm":2490,"minecraft:sprint_one_cm":656943,"minecraft:walk_one_cm":718905,"minecraft:drop":54,"minecraft:talked_to_villager":3,"minecraft:play_time":228794,"minecraft:sneak_time":5055,"minecraft:walk_under_water_one_cm":18320,"minecraft:boat_one_cm":201474,"minecraft:jump":3001,"minecraft:walk_on_water_one_cm":34872,"minecraft:total_world_time":228794,"minecraft:interact_with_furnace":31,"minecraft:sleep_in_bed":8,"minecraft:time_since_rest":12303,"minecraft:damage_taken":1922,"minecraft:damage_dealt":4627,"minecraft:swim_one_cm":20511,"minecraft:fly_one_cm":502592,"minecraft:open_chest":125,"minecraft:crouch_one_cm":12210,"minecraft:interact_with_smoker":2,"minecraft:fall_one_cm":58937},"minecraft:used":{"minecraft:stone_sword":127,"minecraft:stone_shovel":952,"minecraft:oak_sign":9,"minecraft:chest":5,"minecraft:spruce_planks":29,"minecraft:cooked_chicken":1,"minecraft:stone_hoe":55,"minecraft:torch":8,"minecraft:dirt":430,"minecraft:hopper":1,"minecraft:tuff":46,"minecraft:lava_bucket":1,"minecraft:barrel":1,"minecraft:smooth_basalt":5,"minecraft:sweet_berries":3,"minecraft:furnace":3,"minecraft:cooked_beef":4,"minecraft:cobbled_deepslate":76,"minecraft:wheat_seeds":66,"minecraft:cooked_mutton":4,"minecraft:water_bucket":22,"minecraft:diorite":7,"minecraft:amethyst_block":3,"minecraft:stone_pickaxe":491,"minecraft:wooden_pickaxe":5,"minecraft:cobblestone_slab":2,"minecraft:sugar_cane":8,"minecraft:blue_bed":2,"minecraft:sand":23,"minecraft:crafting_table":4,"minecraft:white_bed":4,"minecraft:bread":40,"minecraft:iron_pickaxe":205,"minecraft:stone_axe":342,"minecraft:purple_bed":1,"minecraft:cobblestone":167,"minecraft:bucket":23,"minecraft:yellow_bed":2,"minecraft:oak_boat":10},"minecraft:crafted":{"minecraft:oak_planks":628,"minecraft:barrel":4,"minecraft:cobblestone_slab":12,"minecraft:stone_shovel":9,"minecraft:oak_sign":9,"minecraft:cooked_chicken":1,"minecraft:furnace":1,"minecraft:yellow_bed":2,"minecraft:cooked_mutton":5,"minecraft:glass":5,"minecraft:hopper":1,"minecraft:stone_pickaxe":8,"minecraft:chest":5,"minecraft:oak_button":19,"minecraft:stone_hoe":1,"minecraft:cooked_beef":1,"minecraft:oak_slab":30,"minecraft:crafting_table":1,"minecraft:spruce_planks":88,"minecraft:wooden_pickaxe":1,"minecraft:bucket":2,"minecraft:stone_axe":5,"minecraft:air":0,"minecraft:oak_boat":5,"minecraft:stick":56,"minecraft:iron_ingot":11,"minecraft:iron_pickaxe":1,"minecraft:stone_sword":1,"minecraft:white_bed":7,"minecraft:torch":4},"minecraft:dropped":{"minecraft:bread":5,"minecraft:oak_log":17,"minecraft:mossy_cobblestone":1,"minecraft:granite":6,"minecraft:stick":8,"minecraft:oxeye_daisy":1,"minecraft:diorite":11,"minecraft:sand":109,"minecraft:iron_pickaxe":1,"minecraft:birch_log":7,"minecraft:dandelion":7,"minecraft:gravel":9,"minecraft:cobbled_deepslate":1,"minecraft:raw_copper":11,"minecraft:tuff":5,"minecraft:wheat":2,"minecraft:oak_planks":335,"minecraft:white_bed":10,"minecraft:oak_sign":9,"minecraft:cobblestone_slab":12,"minecraft:oak_button":7,"minecraft:yellow_bed":1,"minecraft:oak_boat":1,"minecraft:spider_eye":1,"minecraft:barrel":4,"minecraft:arrow":2,"minecraft:stone_pickaxe":3,"minecraft:calcite":2},"minecraft:picked_up":{"minecraft:crafting_table":5,"minecraft:wheat":40,"minecraft:azure_bluet":3,"minecraft:chicken":1,"minecraft:yellow_wool":9,"minecraft:oak_stairs":1,"minecraft:brewing_stand":2,"minecraft:amethyst_block":3,"minecraft:cornflower":1,"minecraft:string":4,"minecraft:raw_copper":11,"minecraft:cobbled_deepslate":78,"minecraft:spruce_planks":12,"minecraft:beef":1,"minecraft:oak_boat":9,"minecraft:cobblestone_slab":2,"minecraft:calcite":2,"minecraft:iron_pickaxe":1,"minecraft:sugar_cane":21,"minecraft:chest":2,"minecraft:furnace":2,"minecraft:stick":10,"minecraft:raw_iron":49,"minecraft:oak_fence":1,"minecraft:torch":11,"minecraft:porkchop":4,"minecraft:diorite":18,"minecraft:arrow":2,"minecraft:rotten_flesh":11,"minecraft:mutton":31,"minecraft:stripped_oak_log":8,"minecraft:white_wool":23,"minecraft:cobblestone":425,"minecraft:oxeye_daisy":1,"minecraft:birch_log":7,"minecraft:feather":2,"minecraft:cooked_beef":3,"minecraft:potato":15,"minecraft:tuff":51,"minecraft:oak_log":252,"minecraft:yellow_bed":1,"minecraft:gunpowder":1,"minecraft:cobblestone_stairs":1,"minecraft:dirt":398,"minecraft:blue_bed":2,"minecraft:wheat_seeds":190,"minecraft:raw_gold":1,"minecraft:stone_pickaxe":1,"minecraft:bell":1,"minecraft:oak_fence_gate":1,"minecraft:iron_ingot":1,"minecraft:smooth_basalt":5,"minecraft:pumpkin":1,"minecraft:sweet_berries":3,"minecraft:dandelion":10,"minecraft:poisonous_potato":1,"minecraft:gravel":9,"minecraft:sand":135,"minecraft:spruce_sapling":6,"minecraft:white_bed":3,"minecraft:spruce_log":43,"minecraft:spruce_door":1,"minecraft:spider_eye":1,"minecraft:barrel":1,"minecraft:mossy_cobblestone":2,"minecraft:purple_bed":1,"minecraft:diamond":9,"minecraft:granite":6,"minecraft:gray_wool":1,"minecraft:bread":81,"minecraft:coal":38},"minecraft:killed":{"minecraft:spider":4,"minecraft:skeleton":1,"minecraft:chicken":1,"minecraft:pig":2,"minecraft:creeper":1,"minecraft:sheep":19,"minecraft:zombie":10,"minecraft:cow":1}},"DataVersion":3953}