{"stats":{"minecraft:killed":{"minecraft:spider":5,"minecraft:horse":7,"minecraft:skeleton":2,"minecraft:chicken":1,"minecraft:drowned":1,"minecraft:pig":2,"minecraft:creeper":1,"minecraft:sheep":19,"minecraft:zombie":15,"minecraft:ghast":2,"minecraft:blaze":8,"minecraft:cow":6},"minecraft:mined":{"minecraft:nether_gold_ore":1,"minecraft:tuff":49,"minecraft:spruce_planks":13,"minecraft:white_bed":3,"minecraft:mossy_cobblestone":2,"minecraft:deepslate_diamond_ore":9,"minecraft:oak_door":1,"minecraft:cobblestone_stairs":1,"minecraft:brewing_stand":3,"minecraft:granite":6,"minecraft:grass_block":265,"minecraft:soul_soil":2,"minecraft:hopper":2,"minecraft:nether_wart":49,"minecraft:spawner":1,"minecraft:large_fern":3,"minecraft:magma_block":2,"minecraft:glowstone":2,"minecraft:furnace":2,"minecraft:fire":8,"minecraft:iron_ore":22,"minecraft:barrel":2,"minecraft:cobbled_deepslate":6,"minecraft:pumpkin":1,"minecraft:nether_brick_stairs":1,"minecraft:potatoes":5,"minecraft:deepslate_iron_ore":23,"minecraft:cobblestone_slab":5,"minecraft:dirt_path":32,"minecraft:oak_stairs":1,"minecraft:stripped_oak_log":12,"minecraft:stone":613,"minecraft:white_wool":6,"minecraft:brown_mushroom":13,"minecraft:soul_sand":70,"minecraft:soul_fire":4,"minecraft:basalt":10,"minecraft:oak_fence":1,"minecraft:crafting_table":5,"minecraft:torch":5,"minecraft:short_grass":263,"minecraft:calcite":2,"minecraft:chest":28,"minecraft:tall_grass":22,"minecraft:copper_ore":3,"minecraft:cobblestone":74,"minecraft:deepslate_gold_ore":1,"minecraft:sugar_cane":18,"minecraft:blue_bed":2,"minecraft:diorite":13,"minecraft:wall_torch":5,"minecraft:amethyst_block":3,"minecraft:purple_bed":1,"minecraft:yellow_wool":9,"minecraft:birch_log":14,"minecraft:wheat":87,"minecraft:sweet_berry_bush":1,"minecraft:lilac":1,"minecraft:spruce_log":43,"minecraft:yellow_bed":1,"minecraft:coal_ore":34,"minecraft:oak_log":660,"minecraft:oak_fence_gate":1,"minecraft:gravel":10,"minecraft:sand":138,"minecraft:dirt":348,"minecraft:smooth_basalt":5,"minecraft:netherrack":450,"minecraft:oak_leaves":13,"minecraft:deepslate":75,"minecraft:fern":1},"minecraft:dropped":{"minecraft:bread":21,"minecraft:wheat_seeds":6,"minecraft:oak_log":17,"minecraft:mossy_cobblestone":1,"minecraft:poisonous_potato":1,"minecraft:iron_helmet":3,"minecraft:granite":6,"minecraft:stick":8,"minecraft:oxeye_daisy":1,"minecraft:dirt":6,"minecraft:diorite":11,"minecraft:iron_axe":2,"minecraft:iron_leggings":3,"minecraft:sand":112,"minecraft:iron_pickaxe":2,"minecraft:string":2,"minecraft:birch_log":7,"minecraft:dandelion":7,"minecraft:gravel":11,"minecraft:soul_soil":8,"minecraft:stone_sword":1,"minecraft:cobbled_deepslate":1,"minecraft:raw_copper":11,"minecraft:wheat":2,"minecraft:tuff":5,"minecraft:rotten_flesh":3,"minecraft:oak_planks":761,"minecraft:iron_boots":2,"minecraft:white_bed":10,"minecraft:oak_sign":9,"minecraft:poppy":5,"minecraft:cobblestone_slab":12,"minecraft:gunpowder":1,"minecraft:oak_button":7,"minecraft:iron_chestplate":2,"minecraft:yellow_bed":1,"minecraft:oak_boat":1,"minecraft:spider_eye":1,"minecraft:barrel":4,"minecraft:arrow":2,"minecraft:stone_pickaxe":3,"minecraft:calcite":2,"minecraft:magma_block":1,"minecraft:netherrack":1},"minecraft:picked_up":{"minecraft:iron_chestplate":4,"minecraft:crafting_table":5,"minecraft:wheat":54,"minecraft:azure_bluet":3,"minecraft:nether_wart":67,"minecraft:chicken":1,"minecraft:yellow_wool":9,"minecraft:brown_mushroom":13,"minecraft:oak_stairs":1,"minecraft:brewing_stand":3,"minecraft:amethyst_block":3,"minecraft:cornflower":1,"minecraft:string":6,"minecraft:raw_copper":11,"minecraft:soul_soil":16,"minecraft:iron_axe":3,"minecraft:iron_leggings":5,"minecraft:item_frame":8,"minecraft:gold_nugget":8,"minecraft:cobbled_deepslate":78,"minecraft:bucket":1,"minecraft:spruce_planks":12,"minecraft:beef":13,"minecraft:oak_boat":12,"minecraft:cobblestone_slab":5,"minecraft:calcite":2,"minecraft:poppy":5,"minecraft:iron_pickaxe":7,"minecraft:minecart":1,"minecraft:sugar_cane":32,"minecraft:chest":26,"minecraft:furnace":2,"minecraft:iron_boots":4,"minecraft:stick":13,"minecraft:raw_iron":49,"minecraft:oak_door":1,"minecraft:copper_ingot":1,"minecraft:oak_fence":1,"minecraft:torch":26,"minecraft:porkchop":4,"minecraft:diorite":18,"minecraft:stone_shovel":1,"minecraft:rotten_flesh":15,"minecraft:arrow":67,"minecraft:gold_ingot":1,"minecraft:blaze_rod":5,"minecraft:mutton":31,"minecraft:white_wool":23,"minecraft:cobblestone":715,"minecraft:oxeye_daisy":1,"minecraft:stripped_oak_log":12,"minecraft:birch_log":7,"minecraft:magma_block":6,"minecraft:lilac":1,"minecraft:cooked_beef":3,"minecraft:feather":2,"minecraft:basalt":11,"minecraft:leather":9,"minecraft:potato":15,"minecraft:tuff":52,"minecraft:oak_log":658,"minecraft:golden_boots":1,"minecraft:yellow_bed":1,"minecraft:gunpowder":1,"minecraft:cobblestone_stairs":1,"minecraft:dirt":604,"minecraft:blue_bed":2,"minecraft:bow":2,"minecraft:wheat_seeds":223,"minecraft:raw_gold":1,"minecraft:bell":1,"minecraft:stone_pickaxe":2,"minecraft:oak_fence_gate":1,"minecraft:iron_ingot":1,"minecraft:glowstone_dust":7,"minecraft:stone_hoe":1,"minecraft:iron_sword":1,"minecraft:oak_planks":12,"minecraft:soul_sand":117,"minecraft:smooth_basalt":5,"minecraft:pumpkin":1,"minecraft:sweet_berries":3,"minecraft:dandelion":10,"minecraft:poisonous_potato":1,"minecraft:gravel":14,"minecraft:sand":136,"minecraft:spruce_sapling":6,"minecraft:nether_brick_stairs":1,"minecraft:white_bed":3,"minecraft:spruce_log":43,"minecraft:barrel":1,"minecraft:spruce_door":1,"minecraft:spider_eye":1,"minecraft:mossy_cobblestone":2,"minecraft:purple_bed":1,"minecraft:diamond":9,"minecraft:stone_axe":1,"minecraft:iron_helmet":5,"minecraft:granite":6,"minecraft:gray_wool":1,"minecraft:bread":115,"minecraft:oak_sapling":3,"minecraft:netherrack":871,"minecraft:coal":38,"minecraft:hopper":1},"minecraft:broken":{"minecraft:stone_pickaxe":1,"minecraft:iron_axe":2,"minecraft:stone_axe":1,"minecraft:iron_pickaxe":2,"minecraft:stone_shovel":6},"minecraft:killed_by":{"minecraft:blaze":1},"minecraft:crafted":{"minecraft:oak_door":3,"minecraft:oak_planks":2268,"minecraft:stone_shovel":10,"minecraft:cobblestone_slab":12,"minecraft:oak_sign":9,"minecraft:barrel":4,"minecraft:cooked_chicken":1,"minecraft:furnace":1,"minecraft:cobblestone_stairs":16,"minecraft:yellow_bed":2,"minecraft:cooked_mutton":5,"minecraft:glass":5,"minecraft:hopper":2,"minecraft:iron_boots":1,"minecraft:iron_axe":2,"minecraft:stone_pickaxe":8,"minecraft:chest":111,"minecraft:oak_button":19,"minecraft:stone_hoe":1,"minecraft:oak_fence":9,"minecraft:golden_boots":1,"minecraft:cooked_beef":1,"minecraft:item_frame":8,"minecraft:oak_slab":30,"minecraft:crafting_table":3,"minecraft:spruce_planks":88,"minecraft:iron_helmet":1,"minecraft:wooden_pickaxe":1,"minecraft:iron_sword":1,"minecraft:bucket":2,"minecraft:brewing_stand":1,"minecraft:stone_axe":5,"minecraft:bread":11,"minecraft:air":0,"minecraft:oak_boat":5,"minecraft:iron_chestplate":1,"minecraft:shield":1,"minecraft:stick":144,"minecraft:iron_ingot":11,"minecraft:iron_pickaxe":8,"minecraft:stone_sword":1,"minecraft:iron_shovel":1,"minecraft:gold_ingot":1,"minecraft:iron_leggings":1,"minecraft:white_bed":7,"minecraft:torch":16},"minecraft:used":{"minecraft:oak_fence":3,"minecraft:iron_shovel":131,"minecraft:stone_sword":136,"minecraft:stone_shovel":1077,"minecraft:oak_sign":9,"minecraft:chest":131,"minecraft:spruce_planks":29,"minecraft:shield":2,"minecraft:iron_sword":59,"minecraft:nether_wart":24,"minecraft:cooked_chicken":1,"minecraft:stone_hoe":107,"minecraft:netherrack":20,"minecraft:oak_door":3,"minecraft:torch":29,"minecraft:brewing_stand":1,"minecraft:soul_sand":42,"minecraft:dirt":610,"minecraft:hopper":3,"minecraft:tuff":72,"minecraft:granite":35,"minecraft:lava_bucket":1,"minecraft:iron_axe":466,"minecraft:barrel":1,"minecraft:item_frame":16,"minecraft:smooth_basalt":5,"minecraft:basalt":9,"minecraft:magma_block":1,"minecraft:bow":7,"minecraft:sweet_berries":3,"minecraft:furnace":3,"minecraft:cooked_beef":4,"minecraft:cobbled_deepslate":180,"minecraft:cooked_mutton":4,"minecraft:wheat_seeds":178,"minecraft:water_bucket":37,"minecraft:diorite":40,"minecraft:amethyst_block":3,"minecraft:stone_pickaxe":511,"minecraft:wooden_pickaxe":5,"minecraft:sugar_cane":8,"minecraft:blue_bed":2,"minecraft:cobblestone_slab":8,"minecraft:sand":23,"minecraft:crafting_table":6,"minecraft:white_bed":4,"minecraft:bread":83,"minecraft:oak_button":3,"minecraft:iron_pickaxe":937,"minecraft:gravel":2,"minecraft:stone_axe":380,"minecraft:cobblestone":309,"minecraft:purple_bed":1,"minecraft:bucket":38,"minecraft:yellow_bed":2,"minecraft:oak_boat":11},"minecraft:custom":{"minecraft:mob_kills":71,"minecraft:animals_bred":4,"minecraft:inspect_hopper":1,"minecraft:interact_with_crafting_table":107,"minecraft:open_barrel":6,"minecraft:bell_ring":39,"minecraft:leave_game":4,"minecraft:time_since_death":37587,"minecraft:climb_one_cm":2490,"minecraft:sprint_one_cm":1106063,"minecraft:walk_one_cm":1255553,"minecraft:drop":106,"minecraft:talked_to_villager":12,"minecraft:deaths":2,"minecraft:play_time":377483,"minecraft:sneak_time":11988,"minecraft:walk_under_water_one_cm":25533,"minecraft:boat_one_cm":201474,"minecraft:jump":5113,"minecraft:interact_with_brewingstand":1,"minecraft:walk_on_water_one_cm":65796,"minecraft:total_world_time":377483,"minecraft:interact_with_furnace":35,"minecraft:sleep_in_bed":11,"minecraft:time_since_rest":37610,"minecraft:damage_taken":3949,"minecraft:damage_dealt":10214,"minecraft:swim_one_cm":21470,"minecraft:fly_one_cm":916015,"minecraft:open_chest":330,"minecraft:crouch_one_cm":37502,"minecraft:interact_with_smoker":2,"minecraft:fall_one_cm":89960}},"DataVersion":3953}