{"stats":{"minecraft:broken":{"minecraft:stone_pickaxe":1,"minecraft:stone_axe":1,"minecraft:iron_pickaxe":1,"minecraft:stone_shovel":6},"minecraft:mined":{"minecraft:tuff":48,"minecraft:spruce_planks":13,"minecraft:white_bed":3,"minecraft:mossy_cobblestone":2,"minecraft:deepslate_diamond_ore":9,"minecraft:cobblestone_stairs":1,"minecraft:brewing_stand":2,"minecraft:granite":6,"minecraft:grass_block":234,"minecraft:hopper":2,"minecraft:spawner":1,"minecraft:large_fern":3,"minecraft:furnace":2,"minecraft:iron_ore":22,"minecraft:cobbled_deepslate":6,"minecraft:barrel":2,"minecraft:pumpkin":1,"minecraft:potatoes":5,"minecraft:cobblestone_slab":5,"minecraft:deepslate_iron_ore":23,"minecraft:dirt_path":30,"minecraft:oak_stairs":1,"minecraft:stripped_oak_log":12,"minecraft:stone":499,"minecraft:white_wool":6,"minecraft:oak_fence":1,"minecraft:crafting_table":5,"minecraft:torch":3,"minecraft:short_grass":260,"minecraft:calcite":2,"minecraft:chest":5,"minecraft:tall_grass":22,"minecraft:copper_ore":3,"minecraft:cobblestone":64,"minecraft:deepslate_gold_ore":1,"minecraft:sugar_cane":17,"minecraft:diorite":13,"minecraft:wall_torch":3,"minecraft:blue_bed":2,"minecraft:amethyst_block":3,"minecraft:purple_bed":1,"minecraft:yellow_wool":9,"minecraft:birch_log":14,"minecraft:wheat":73,"minecraft:sweet_berry_bush":1,"minecraft:spruce_log":43,"minecraft:yellow_bed":1,"minecraft:oak_log":355,"minecraft:coal_ore":34,"minecraft:oak_fence_gate":1,"minecraft:gravel":8,"minecraft:sand":137,"minecraft:dirt":220,"minecraft:smooth_basalt":5,"minecraft:oak_leaves":7,"minecraft:deepslate":75,"minecraft:fern":1},"minecraft:custom":{"minecraft:mob_kills":48,"minecraft:inspect_hopper":1,"minecraft:interact_with_crafting_table":75,"minecraft:open_barrel":6,"minecraft:bell_ring":39,"minecraft:leave_game":3,"minecraft:time_since_death":264794,"minecraft:climb_one_cm":2490,"minecraft:sprint_one_cm":748227,"minecraft:walk_one_cm":844278,"minecraft:drop":70,"minecraft:talked_to_villager":4,"minecraft:play_time":264794,"minecraft:sneak_time":7116,"minecraft:walk_under_water_one_cm":19469,"minecraft:boat_one_cm":201474,"minecraft:jump":3419,"minecraft:walk_on_water_one_cm":49036,"minecraft:total_world_time":264794,"minecraft:interact_with_furnace":31,"minecraft:sleep_in_bed":10,"minecraft:time_since_rest":10662,"minecraft:damage_taken":2352,"minecraft:damage_dealt":6185,"minecraft:swim_one_cm":21470,"minecraft:fly_one_cm":588819,"minecraft:open_chest":170,"minecraft:crouch_one_cm":16528,"minecraft:interact_with_smoker":2,"minecraft:fall_one_cm":61770},"minecraft:used":{"minecraft:stone_sword":136,"minecraft:stone_shovel":1000,"minecraft:oak_sign":9,"minecraft:chest":10,"minecraft:spruce_planks":29,"minecraft:cooked_chicken":1,"minecraft:stone_hoe":71,"minecraft:torch":11,"minecraft:dirt":460,"minecraft:hopper":3,"minecraft:tuff":46,"minecraft:lava_bucket":1,"minecraft:iron_axe":104,"minecraft:barrel":1,"minecraft:smooth_basalt":5,"minecraft:sweet_berries":3,"minecraft:furnace":3,"minecraft:cooked_beef":4,"minecraft:cobbled_deepslate":76,"minecraft:wheat_seeds":121,"minecraft:cooked_mutton":4,"minecraft:water_bucket":32,"minecraft:diorite":7,"minecraft:amethyst_block":3,"minecraft:stone_pickaxe":493,"minecraft:wooden_pickaxe":5,"minecraft:cobblestone_slab":8,"minecraft:sugar_cane":8,"minecraft:blue_bed":2,"minecraft:sand":23,"minecraft:crafting_table":4,"minecraft:white_bed":4,"minecraft:oak_button":3,"minecraft:bread":50,"minecraft:iron_pickaxe":353,"minecraft:stone_axe":376,"minecraft:purple_bed":1,"minecraft:cobblestone":167,"minecraft:bucket":32,"minecraft:yellow_bed":2,"minecraft:oak_boat":11},"minecraft:crafted":{"minecraft:oak_planks":644,"minecraft:barrel":4,"minecraft:cobblestone_slab":12,"minecraft:stone_shovel":9,"minecraft:oak_sign":9,"minecraft:cooked_chicken":1,"minecraft:furnace":1,"minecraft:yellow_bed":2,"minecraft:cooked_mutton":5,"minecraft:glass":5,"minecraft:hopper":2,"minecraft:iron_axe":2,"minecraft:stone_pickaxe":8,"minecraft:chest":11,"minecraft:oak_button":19,"minecraft:stone_hoe":1,"minecraft:cooked_beef":1,"minecraft:oak_slab":30,"minecraft:crafting_table":1,"minecraft:spruce_planks":88,"minecraft:wooden_pickaxe":1,"minecraft:bucket":2,"minecraft:stone_axe":5,"minecraft:bread":11,"minecraft:air":0,"minecraft:oak_boat":5,"minecraft:stick":60,"minecraft:iron_ingot":11,"minecraft:iron_pickaxe":3,"minecraft:stone_sword":1,"minecraft:white_bed":7,"minecraft:torch":4},"minecraft:dropped":{"minecraft:bread":5,"minecraft:oak_log":17,"minecraft:mossy_cobblestone":1,"minecraft:poisonous_potato":1,"minecraft:granite":6,"minecraft:stick":8,"minecraft:oxeye_daisy":1,"minecraft:dirt":6,"minecraft:diorite":11,"minecraft:sand":112,"minecraft:iron_pickaxe":1,"minecraft:string":2,"minecraft:birch_log":7,"minecraft:dandelion":7,"minecraft:gravel":9,"minecraft:stone_sword":1,"minecraft:cobbled_deepslate":1,"minecraft:raw_copper":11,"minecraft:tuff":5,"minecraft:wheat":2,"minecraft:rotten_flesh":3,"minecraft:oak_planks":335,"minecraft:white_bed":10,"minecraft:oak_sign":9,"minecraft:poppy":5,"minecraft:cobblestone_slab":12,"minecraft:gunpowder":1,"minecraft:oak_button":7,"minecraft:yellow_bed":1,"minecraft:oak_boat":1,"minecraft:spider_eye":1,"minecraft:barrel":4,"minecraft:arrow":2,"minecraft:stone_pickaxe":3,"minecraft:calcite":2},"minecraft:picked_up":{"minecraft:crafting_table":5,"minecraft:wheat":40,"minecraft:azure_bluet":3,"minecraft:chicken":1,"minecraft:yellow_wool":9,"minecraft:oak_stairs":1,"minecraft:brewing_stand":2,"minecraft:amethyst_block":3,"minecraft:cornflower":1,"minecraft:string":6,"minecraft:raw_copper":11,"minecraft:cobbled_deepslate":78,"minecraft:spruce_planks":12,"minecraft:beef":3,"minecraft:oak_boat":11,"minecraft:cobblestone_slab":5,"minecraft:calcite":2,"minecraft:poppy":5,"minecraft:iron_pickaxe":1,"minecraft:minecart":1,"minecraft:sugar_cane":21,"minecraft:chest":2,"minecraft:furnace":2,"minecraft:stick":13,"minecraft:raw_iron":49,"minecraft:copper_ingot":1,"minecraft:oak_fence":1,"minecraft:torch":12,"minecraft:porkchop":4,"minecraft:diorite":18,"minecraft:arrow":3,"minecraft:rotten_flesh":14,"minecraft:mutton":31,"minecraft:stripped_oak_log":12,"minecraft:white_wool":23,"minecraft:cobblestone":567,"minecraft:oxeye_daisy":1,"minecraft:birch_log":7,"minecraft:feather":2,"minecraft:cooked_beef":3,"minecraft:leather":2,"minecraft:potato":15,"minecraft:tuff":51,"minecraft:oak_log":353,"minecraft:yellow_bed":1,"minecraft:gunpowder":1,"minecraft:cobblestone_stairs":1,"minecraft:dirt":444,"minecraft:blue_bed":2,"minecraft:wheat_seeds":190,"minecraft:raw_gold":1,"minecraft:stone_pickaxe":1,"minecraft:bell":1,"minecraft:oak_fence_gate":1,"minecraft:iron_ingot":1,"minecraft:smooth_basalt":5,"minecraft:pumpkin":1,"minecraft:sweet_berries":3,"minecraft:dandelion":10,"minecraft:poisonous_potato":1,"minecraft:gravel":10,"minecraft:sand":135,"minecraft:spruce_sapling":6,"minecraft:white_bed":3,"minecraft:spruce_log":43,"minecraft:spruce_door":1,"minecraft:spider_eye":1,"minecraft:barrel":1,"minecraft:mossy_cobblestone":2,"minecraft:purple_bed":1,"minecraft:diamond":9,"minecraft:granite":6,"minecraft:gray_wool":1,"minecraft:bread":81,"minecraft:oak_sapling":1,"minecraft:coal":38,"minecraft:hopper":1},"minecraft:killed":{"minecraft:spider":5,"minecraft:skeleton":2,"minecraft:chicken":1,"minecraft:drowned":1,"minecraft:pig":2,"minecraft:creeper":1,"minecraft:sheep":19,"minecraft:zombie":14,"minecraft:cow":2}},"DataVersion":3953}