{"stats":{"minecraft:mined":{"minecraft:furnace":2,"minecraft:crafting_table":3,"minecraft:short_grass":2,"minecraft:grass_block":3,"minecraft:oak_log":60,"minecraft:coal_ore":10,"minecraft:chest":1,"minecraft:dirt":9,"minecraft:stone":46,"minecraft:oak_leaves":3},"minecraft:used":{"minecraft:cooked_mutton":1,"minecraft:stone_sword":4,"minecraft:stone_pickaxe":53,"minecraft:wooden_pickaxe":5,"minecraft:cooked_chicken":1,"minecraft:stone_axe":50,"minecraft:dirt":10,"minecraft:crafting_table":2,"minecraft:furnace":1,"minecraft:oak_boat":1},"minecraft:custom":{"minecraft:time_since_rest":21781,"minecraft:interact_with_furnace":4,"minecraft:sprint_one_cm":37546,"minecraft:damage_taken":215,"minecraft:walk_one_cm":49377,"minecraft:mob_kills":2,"minecraft:damage_dealt":108,"minecraft:swim_one_cm":5601,"minecraft:interact_with_crafting_table":8,"minecraft:fly_one_cm":33720,"minecraft:open_chest":13,"minecraft:crouch_one_cm":55,"minecraft:play_time":21781,"minecraft:sneak_time":123,"minecraft:walk_under_water_one_cm":3115,"minecraft:boat_one_cm":27325,"minecraft:jump":240,"minecraft:leave_game":2,"minecraft:walk_on_water_one_cm":1294,"minecraft:time_since_death":21781,"minecraft:total_world_time":21781,"minecraft:fall_one_cm":4811},"minecraft:crafted":{"minecraft:oak_boat":1,"minecraft:oak_planks":56,"minecraft:crafting_table":1,"minecraft:stick":12,"minecraft:wooden_pickaxe":1,"minecraft:cooked_chicken":1,"minecraft:stone_pickaxe":1,"minecraft:stone_sword":1,"minecraft:furnace":1,"minecraft:stone_axe":1,"minecraft:cooked_mutton":1,"minecraft:air":0},"minecraft:picked_up":{"minecraft:crafting_table":3,"minecraft:feather":2,"minecraft:chicken":1,"minecraft:oak_log":60,"minecraft:dirt":12,"minecraft:chest":1,"minecraft:mutton":2,"minecraft:coal":15,"minecraft:white_wool":1,"minecraft:cobblestone":46,"minecraft:furnace":2},"minecraft:killed":{"minecraft:sheep":1,"minecraft:chicken":1}},"DataVersion":3953}