{"stats":{"minecraft:broken":{"minecraft:stone_pickaxe":1,"minecraft:iron_axe":2,"minecraft:stone_axe":1,"minecraft:iron_pickaxe":2,"minecraft:stone_shovel":6},"minecraft:mined":{"minecraft:tuff":48,"minecraft:spruce_planks":13,"minecraft:white_bed":3,"minecraft:mossy_cobblestone":2,"minecraft:deepslate_diamond_ore":9,"minecraft:oak_door":1,"minecraft:cobblestone_stairs":1,"minecraft:brewing_stand":2,"minecraft:granite":6,"minecraft:grass_block":242,"minecraft:soul_soil":2,"minecraft:hopper":2,"minecraft:spawner":1,"minecraft:large_fern":3,"minecraft:magma_block":2,"minecraft:furnace":2,"minecraft:fire":4,"minecraft:iron_ore":22,"minecraft:cobbled_deepslate":6,"minecraft:barrel":2,"minecraft:pumpkin":1,"minecraft:potatoes":5,"minecraft:cobblestone_slab":5,"minecraft:deepslate_iron_ore":23,"minecraft:dirt_path":32,"minecraft:oak_stairs":1,"minecraft:stripped_oak_log":12,"minecraft:stone":500,"minecraft:white_wool":6,"minecraft:soul_sand":46,"minecraft:soul_fire":4,"minecraft:basalt":10,"minecraft:oak_fence":1,"minecraft:crafting_table":5,"minecraft:torch":4,"minecraft:short_grass":262,"minecraft:calcite":2,"minecraft:chest":28,"minecraft:tall_grass":22,"minecraft:copper_ore":3,"minecraft:cobblestone":67,"minecraft:deepslate_gold_ore":1,"minecraft:sugar_cane":18,"minecraft:diorite":13,"minecraft:wall_torch":3,"minecraft:blue_bed":2,"minecraft:amethyst_block":3,"minecraft:purple_bed":1,"minecraft:yellow_wool":9,"minecraft:birch_log":14,"minecraft:wheat":81,"minecraft:sweet_berry_bush":1,"minecraft:lilac":1,"minecraft:spruce_log":43,"minecraft:yellow_bed":1,"minecraft:oak_log":660,"minecraft:coal_ore":34,"minecraft:oak_fence_gate":1,"minecraft:gravel":10,"minecraft:sand":138,"minecraft:dirt":230,"minecraft:smooth_basalt":5,"minecraft:netherrack":255,"minecraft:oak_leaves":13,"minecraft:deepslate":75,"minecraft:fern":1},"minecraft:custom":{"minecraft:mob_kills":60,"minecraft:animals_bred":2,"minecraft:inspect_hopper":1,"minecraft:interact_with_crafting_table":101,"minecraft:open_barrel":6,"minecraft:bell_ring":39,"minecraft:leave_game":3,"minecraft:time_since_death":324794,"minecraft:climb_one_cm":2490,"minecraft:sprint_one_cm":914349,"minecraft:walk_one_cm":1068353,"minecraft:drop":78,"minecraft:talked_to_villager":12,"minecraft:play_time":324794,"minecraft:sneak_time":9741,"minecraft:walk_under_water_one_cm":19469,"minecraft:boat_one_cm":201474,"minecraft:jump":4266,"minecraft:walk_on_water_one_cm":51082,"minecraft:total_world_time":324794,"minecraft:interact_with_furnace":35,"minecraft:sleep_in_bed":11,"minecraft:time_since_rest":51160,"minecraft:damage_taken":2751,"minecraft:damage_dealt":8229,"minecraft:swim_one_cm":21470,"minecraft:fly_one_cm":759064,"minecraft:open_chest":242,"minecraft:crouch_one_cm":28597,"minecraft:interact_with_smoker":2,"minecraft:fall_one_cm":79221},"minecraft:used":{"minecraft:oak_fence":3,"minecraft:stone_sword":136,"minecraft:stone_shovel":1046,"minecraft:oak_sign":9,"minecraft:chest":130,"minecraft:spruce_planks":29,"minecraft:iron_sword":5,"minecraft:cooked_chicken":1,"minecraft:stone_hoe":107,"minecraft:oak_door":3,"minecraft:torch":17,"minecraft:dirt":505,"minecraft:hopper":3,"minecraft:tuff":46,"minecraft:granite":35,"minecraft:lava_bucket":1,"minecraft:iron_axe":466,"minecraft:barrel":1,"minecraft:item_frame":16,"minecraft:smooth_basalt":5,"minecraft:basalt":9,"minecraft:sweet_berries":3,"minecraft:furnace":3,"minecraft:cooked_beef":4,"minecraft:cobbled_deepslate":140,"minecraft:wheat_seeds":173,"minecraft:cooked_mutton":4,"minecraft:water_bucket":33,"minecraft:diorite":7,"minecraft:amethyst_block":3,"minecraft:stone_pickaxe":511,"minecraft:wooden_pickaxe":5,"minecraft:cobblestone_slab":8,"minecraft:sugar_cane":8,"minecraft:blue_bed":2,"minecraft:sand":23,"minecraft:crafting_table":5,"minecraft:white_bed":4,"minecraft:oak_button":3,"minecraft:bread":63,"minecraft:iron_pickaxe":612,"minecraft:gravel":2,"minecraft:stone_axe":380,"minecraft:purple_bed":1,"minecraft:cobblestone":167,"minecraft:bucket":33,"minecraft:yellow_bed":2,"minecraft:oak_boat":11},"minecraft:crafted":{"minecraft:oak_door":3,"minecraft:oak_planks":2268,"minecraft:barrel":4,"minecraft:cobblestone_slab":12,"minecraft:stone_shovel":10,"minecraft:oak_sign":9,"minecraft:cooked_chicken":1,"minecraft:furnace":1,"minecraft:yellow_bed":2,"minecraft:cooked_mutton":5,"minecraft:glass":5,"minecraft:hopper":2,"minecraft:iron_boots":1,"minecraft:iron_axe":2,"minecraft:stone_pickaxe":8,"minecraft:chest":110,"minecraft:oak_button":19,"minecraft:stone_hoe":1,"minecraft:oak_fence":9,"minecraft:golden_boots":1,"minecraft:cooked_beef":1,"minecraft:item_frame":8,"minecraft:oak_slab":30,"minecraft:crafting_table":2,"minecraft:iron_helmet":1,"minecraft:spruce_planks":88,"minecraft:wooden_pickaxe":1,"minecraft:iron_sword":1,"minecraft:bucket":2,"minecraft:stone_axe":5,"minecraft:bread":11,"minecraft:air":0,"minecraft:oak_boat":5,"minecraft:iron_chestplate":1,"minecraft:shield":1,"minecraft:stick":144,"minecraft:iron_ingot":11,"minecraft:iron_pickaxe":7,"minecraft:stone_sword":1,"minecraft:gold_ingot":1,"minecraft:iron_leggings":1,"minecraft:white_bed":7,"minecraft:torch":16},"minecraft:dropped":{"minecraft:bread":5,"minecraft:wheat_seeds":6,"minecraft:oak_log":17,"minecraft:mossy_cobblestone":1,"minecraft:poisonous_potato":1,"minecraft:granite":6,"minecraft:stick":8,"minecraft:oxeye_daisy":1,"minecraft:dirt":6,"minecraft:diorite":11,"minecraft:sand":112,"minecraft:iron_pickaxe":1,"minecraft:string":2,"minecraft:birch_log":7,"minecraft:dandelion":7,"minecraft:gravel":9,"minecraft:stone_sword":1,"minecraft:cobbled_deepslate":1,"minecraft:raw_copper":11,"minecraft:tuff":5,"minecraft:wheat":2,"minecraft:rotten_flesh":3,"minecraft:oak_planks":761,"minecraft:white_bed":10,"minecraft:oak_sign":9,"minecraft:poppy":5,"minecraft:cobblestone_slab":12,"minecraft:gunpowder":1,"minecraft:oak_button":7,"minecraft:yellow_bed":1,"minecraft:oak_boat":1,"minecraft:spider_eye":1,"minecraft:barrel":4,"minecraft:arrow":2,"minecraft:stone_pickaxe":3,"minecraft:calcite":2},"minecraft:picked_up":{"minecraft:crafting_table":5,"minecraft:wheat":48,"minecraft:azure_bluet":3,"minecraft:chicken":1,"minecraft:yellow_wool":9,"minecraft:oak_stairs":1,"minecraft:brewing_stand":2,"minecraft:amethyst_block":3,"minecraft:soul_soil":8,"minecraft:cornflower":1,"minecraft:string":6,"minecraft:raw_copper":11,"minecraft:item_frame":8,"minecraft:gold_nugget":2,"minecraft:cobbled_deepslate":78,"minecraft:spruce_planks":12,"minecraft:beef":13,"minecraft:oak_boat":11,"minecraft:cobblestone_slab":5,"minecraft:calcite":2,"minecraft:poppy":5,"minecraft:iron_pickaxe":1,"minecraft:minecart":1,"minecraft:sugar_cane":32,"minecraft:chest":26,"minecraft:furnace":2,"minecraft:stick":13,"minecraft:raw_iron":49,"minecraft:oak_door":1,"minecraft:copper_ingot":1,"minecraft:oak_fence":1,"minecraft:torch":13,"minecraft:porkchop":4,"minecraft:diorite":18,"minecraft:arrow":3,"minecraft:rotten_flesh":14,"minecraft:gold_ingot":1,"minecraft:mutton":31,"minecraft:stripped_oak_log":12,"minecraft:white_wool":23,"minecraft:cobblestone":571,"minecraft:oxeye_daisy":1,"minecraft:birch_log":7,"minecraft:magma_block":2,"minecraft:basalt":10,"minecraft:lilac":1,"minecraft:feather":2,"minecraft:cooked_beef":3,"minecraft:leather":9,"minecraft:potato":15,"minecraft:tuff":51,"minecraft:oak_log":658,"minecraft:yellow_bed":1,"minecraft:gunpowder":1,"minecraft:cobblestone_stairs":1,"minecraft:dirt":464,"minecraft:blue_bed":2,"minecraft:wheat_seeds":210,"minecraft:raw_gold":1,"minecraft:stone_pickaxe":1,"minecraft:bell":1,"minecraft:oak_fence_gate":1,"minecraft:iron_ingot":1,"minecraft:soul_sand":47,"minecraft:smooth_basalt":5,"minecraft:pumpkin":1,"minecraft:sweet_berries":3,"minecraft:dandelion":10,"minecraft:poisonous_potato":1,"minecraft:gravel":12,"minecraft:sand":136,"minecraft:spruce_sapling":6,"minecraft:white_bed":3,"minecraft:spruce_log":43,"minecraft:spruce_door":1,"minecraft:spider_eye":1,"minecraft:barrel":1,"minecraft:mossy_cobblestone":2,"minecraft:purple_bed":1,"minecraft:diamond":9,"minecraft:granite":6,"minecraft:gray_wool":1,"minecraft:bread":81,"minecraft:oak_sapling":3,"minecraft:netherrack":252,"minecraft:coal":38,"minecraft:hopper":1},"minecraft:killed":{"minecraft:spider":5,"minecraft:horse":7,"minecraft:skeleton":2,"minecraft:chicken":1,"minecraft:drowned":1,"minecraft:pig":2,"minecraft:creeper":1,"minecraft:sheep":19,"minecraft:zombie":14,"minecraft:cow":6}},"DataVersion":3953}