{"stats":{"minecraft:broken":{"minecraft:stone_pickaxe":1,"minecraft:stone_axe":1},"minecraft:mined":{"minecraft:tuff":45,"minecraft:spruce_planks":9,"minecraft:white_bed":3,"minecraft:mossy_cobblestone":2,"minecraft:deepslate_diamond_ore":9,"minecraft:cobblestone_stairs":1,"minecraft:brewing_stand":2,"minecraft:granite":6,"minecraft:grass_block":17,"minecraft:spawner":1,"minecraft:large_fern":3,"minecraft:furnace":2,"minecraft:iron_ore":22,"minecraft:cobbled_deepslate":6,"minecraft:pumpkin":1,"minecraft:potatoes":2,"minecraft:deepslate_iron_ore":23,"minecraft:dirt_path":11,"minecraft:oak_stairs":1,"minecraft:stone":107,"minecraft:white_wool":6,"minecraft:oak_fence":1,"minecraft:crafting_table":5,"minecraft:torch":3,"minecraft:short_grass":7,"minecraft:calcite":2,"minecraft:chest":1,"minecraft:tall_grass":2,"minecraft:copper_ore":3,"minecraft:cobblestone":11,"minecraft:deepslate_gold_ore":1,"minecraft:diorite":13,"minecraft:blue_bed":2,"minecraft:wall_torch":2,"minecraft:amethyst_block":3,"minecraft:purple_bed":1,"minecraft:yellow_wool":9,"minecraft:sweet_berry_bush":1,"minecraft:wheat":5,"minecraft:spruce_log":43,"minecraft:yellow_bed":1,"minecraft:coal_ore":23,"minecraft:oak_log":163,"minecraft:oak_fence_gate":1,"minecraft:sand":49,"minecraft:gravel":7,"minecraft:dirt":30,"minecraft:smooth_basalt":5,"minecraft:oak_leaves":5,"minecraft:deepslate":75,"minecraft:fern":1},"minecraft:custom":{"minecraft:mob_kills":33,"minecraft:interact_with_crafting_table":31,"minecraft:bell_ring":39,"minecraft:leave_game":3,"minecraft:time_since_death":114758,"minecraft:climb_one_cm":2490,"minecraft:sprint_one_cm":311689,"minecraft:walk_one_cm":341143,"minecraft:drop":20,"minecraft:play_time":114758,"minecraft:sneak_time":2988,"minecraft:walk_under_water_one_cm":10174,"minecraft:boat_one_cm":172620,"minecraft:jump":1761,"minecraft:walk_on_water_one_cm":13746,"minecraft:total_world_time":114758,"minecraft:interact_with_furnace":15,"minecraft:sleep_in_bed":3,"minecraft:time_since_rest":48445,"minecraft:damage_taken":1402,"minecraft:damage_dealt":3506,"minecraft:swim_one_cm":7714,"minecraft:fly_one_cm":213866,"minecraft:open_chest":43,"minecraft:crouch_one_cm":7667,"minecraft:interact_with_smoker":2,"minecraft:fall_one_cm":38813},"minecraft:used":{"minecraft:stone_sword":86,"minecraft:stone_shovel":60,"minecraft:spruce_planks":29,"minecraft:chest":3,"minecraft:cooked_chicken":1,"minecraft:torch":7,"minecraft:dirt":30,"minecraft:tuff":42,"minecraft:smooth_basalt":5,"minecraft:sweet_berries":3,"minecraft:furnace":3,"minecraft:cooked_beef":2,"minecraft:cobbled_deepslate":76,"minecraft:cooked_mutton":4,"minecraft:diorite":7,"minecraft:amethyst_block":3,"minecraft:stone_pickaxe":287,"minecraft:wooden_pickaxe":5,"minecraft:blue_bed":2,"minecraft:crafting_table":4,"minecraft:white_bed":3,"minecraft:bread":21,"minecraft:iron_pickaxe":88,"minecraft:stone_axe":222,"minecraft:cobblestone":11,"minecraft:purple_bed":1,"minecraft:yellow_bed":2,"minecraft:oak_boat":5},"minecraft:crafted":{"minecraft:oak_planks":300,"minecraft:stone_shovel":1,"minecraft:cooked_chicken":1,"minecraft:furnace":1,"minecraft:yellow_bed":2,"minecraft:cooked_mutton":5,"minecraft:stone_pickaxe":5,"minecraft:chest":3,"minecraft:crafting_table":1,"minecraft:spruce_planks":88,"minecraft:wooden_pickaxe":1,"minecraft:stone_axe":2,"minecraft:air":0,"minecraft:oak_boat":1,"minecraft:stick":24,"minecraft:iron_ingot":8,"minecraft:iron_pickaxe":1,"minecraft:stone_sword":1,"minecraft:white_bed":7,"minecraft:torch":4},"minecraft:dropped":{"minecraft:bread":5,"minecraft:diorite":3,"minecraft:iron_pickaxe":1,"minecraft:tuff":3,"minecraft:oak_planks":100,"minecraft:white_bed":6,"minecraft:yellow_bed":1,"minecraft:stone_pickaxe":3},"minecraft:picked_up":{"minecraft:crafting_table":5,"minecraft:wheat":5,"minecraft:chicken":1,"minecraft:yellow_wool":9,"minecraft:oak_stairs":1,"minecraft:brewing_stand":2,"minecraft:amethyst_block":3,"minecraft:string":2,"minecraft:raw_copper":11,"minecraft:cobbled_deepslate":78,"minecraft:spruce_planks":8,"minecraft:oak_boat":5,"minecraft:calcite":2,"minecraft:iron_pickaxe":1,"minecraft:chest":1,"minecraft:furnace":2,"minecraft:stick":10,"minecraft:raw_iron":49,"minecraft:oak_fence":1,"minecraft:torch":10,"minecraft:porkchop":4,"minecraft:diorite":15,"minecraft:rotten_flesh":8,"minecraft:mutton":31,"minecraft:white_wool":23,"minecraft:cobblestone":129,"minecraft:feather":2,"minecraft:cooked_beef":3,"minecraft:potato":2,"minecraft:tuff":45,"minecraft:oak_log":163,"minecraft:yellow_bed":1,"minecraft:cobblestone_stairs":1,"minecraft:blue_bed":2,"minecraft:dirt":51,"minecraft:wheat_seeds":12,"minecraft:raw_gold":1,"minecraft:bell":1,"minecraft:stone_pickaxe":1,"minecraft:oak_fence_gate":1,"minecraft:iron_ingot":1,"minecraft:smooth_basalt":5,"minecraft:pumpkin":1,"minecraft:sweet_berries":3,"minecraft:dandelion":1,"minecraft:gravel":9,"minecraft:sand":49,"minecraft:spruce_sapling":6,"minecraft:white_bed":3,"minecraft:spruce_log":43,"minecraft:spruce_door":1,"minecraft:mossy_cobblestone":2,"minecraft:purple_bed":1,"minecraft:diamond":9,"minecraft:granite":6,"minecraft:gray_wool":1,"minecraft:bread":49,"minecraft:coal":27},"minecraft:killed":{"minecraft:spider":2,"minecraft:chicken":1,"minecraft:pig":2,"minecraft:sheep":19,"minecraft:zombie":8}},"DataVersion":3953}