{"stats":{"minecraft:used":{"minecraft:stone_sword":4,"minecraft:stone_pickaxe":52,"minecraft:wooden_pickaxe":5,"minecraft:cooked_chicken":1,"minecraft:stone_axe":48,"minecraft:dirt":9,"minecraft:crafting_table":2,"minecraft:furnace":1},"minecraft:mined":{"minecraft:furnace":1,"minecraft:crafting_table":2,"minecraft:short_grass":2,"minecraft:grass_block":2,"minecraft:oak_log":60,"minecraft:coal_ore":10,"minecraft:dirt":8,"minecraft:stone":46},"minecraft:crafted":{"minecraft:oak_boat":1,"minecraft:oak_planks":56,"minecraft:crafting_table":1,"minecraft:stick":12,"minecraft:wooden_pickaxe":1,"minecraft:cooked_chicken":1,"minecraft:stone_pickaxe":1,"minecraft:stone_sword":1,"minecraft:furnace":1,"minecraft:stone_axe":1,"minecraft:air":0},"minecraft:picked_up":{"minecraft:crafting_table":2,"minecraft:feather":2,"minecraft:chicken":1,"minecraft:oak_log":60,"minecraft:dirt":10,"minecraft:mutton":2,"minecraft:coal":10,"minecraft:white_wool":1,"minecraft:cobblestone":46,"minecraft:furnace":1},"minecraft:custom":{"minecraft:time_since_rest":15989,"minecraft:interact_with_furnace":2,"minecraft:sprint_one_cm":29184,"minecraft:damage_taken":190,"minecraft:walk_one_cm":38130,"minecraft:mob_kills":2,"minecraft:damage_dealt":108,"minecraft:swim_one_cm":3926,"minecraft:interact_with_crafting_table":8,"minecraft:fly_one_cm":24043,"minecraft:open_chest":10,"minecraft:crouch_one_cm":55,"minecraft:play_time":15989,"minecraft:sneak_time":109,"minecraft:walk_under_water_one_cm":1480,"minecraft:jump":182,"minecraft:leave_game":2,"minecraft:walk_on_water_one_cm":784,"minecraft:time_since_death":15989,"minecraft:total_world_time":15989,"minecraft:fall_one_cm":3648},"minecraft:killed":{"minecraft:sheep":1,"minecraft:chicken":1}},"DataVersion":3953}