{"stats":{"minecraft:broken":{"minecraft:stone_axe":1},"minecraft:mined":{"minecraft:spruce_planks":9,"minecraft:white_bed":2,"minecraft:mossy_cobblestone":1,"minecraft:cobblestone_stairs":1,"minecraft:oak_fence":1,"minecraft:brewing_stand":2,"minecraft:crafting_table":5,"minecraft:short_grass":5,"minecraft:grass_block":15,"minecraft:chest":1,"minecraft:tall_grass":2,"minecraft:cobblestone":4,"minecraft:blue_bed":2,"minecraft:large_fern":3,"minecraft:purple_bed":1,"minecraft:furnace":2,"minecraft:yellow_wool":4,"minecraft:wheat":5,"minecraft:sweet_berry_bush":1,"minecraft:spruce_log":43,"minecraft:pumpkin":1,"minecraft:yellow_bed":1,"minecraft:potatoes":2,"minecraft:coal_ore":10,"minecraft:oak_log":153,"minecraft:dirt_path":10,"minecraft:oak_fence_gate":1,"minecraft:oak_stairs":1,"minecraft:dirt":26,"minecraft:stone":60,"minecraft:white_wool":2,"minecraft:oak_leaves":5,"minecraft:fern":1},"minecraft:custom":{"minecraft:interact_with_furnace":8,"minecraft:mob_kills":22,"minecraft:interact_with_crafting_table":19,"minecraft:bell_ring":39,"minecraft:leave_game":2,"minecraft:time_since_death":57781,"minecraft:sleep_in_bed":2,"minecraft:climb_one_cm":2490,"minecraft:time_since_rest":6351,"minecraft:sprint_one_cm":168297,"minecraft:damage_taken":225,"minecraft:walk_one_cm":169191,"minecraft:drop":8,"minecraft:damage_dealt":1813,"minecraft:swim_one_cm":6835,"minecraft:fly_one_cm":105201,"minecraft:open_chest":24,"minecraft:crouch_one_cm":98,"minecraft:play_time":57781,"minecraft:sneak_time":134,"minecraft:walk_under_water_one_cm":3485,"minecraft:boat_one_cm":172620,"minecraft:jump":684,"minecraft:walk_on_water_one_cm":3392,"minecraft:interact_with_smoker":2,"minecraft:total_world_time":57781,"minecraft:fall_one_cm":12068},"minecraft:used":{"minecraft:cooked_mutton":4,"minecraft:stone_sword":43,"minecraft:stone_pickaxe":78,"minecraft:chest":2,"minecraft:spruce_planks":29,"minecraft:wooden_pickaxe":5,"minecraft:blue_bed":2,"minecraft:cooked_chicken":1,"minecraft:dirt":29,"minecraft:crafting_table":4,"minecraft:white_bed":2,"minecraft:stone_axe":210,"minecraft:sweet_berries":3,"minecraft:purple_bed":1,"minecraft:furnace":3,"minecraft:yellow_bed":1,"minecraft:oak_boat":5,"minecraft:cooked_beef":1},"minecraft:dropped":{"minecraft:oak_planks":100,"minecraft:white_bed":5,"minecraft:yellow_bed":1},"minecraft:crafted":{"minecraft:oak_planks":260,"minecraft:crafting_table":1,"minecraft:spruce_planks":88,"minecraft:wooden_pickaxe":1,"minecraft:cooked_chicken":1,"minecraft:furnace":1,"minecraft:yellow_bed":1,"minecraft:stone_axe":2,"minecraft:cooked_mutton":5,"minecraft:air":0,"minecraft:oak_boat":1,"minecraft:stick":12,"minecraft:stone_pickaxe":4,"minecraft:stone_sword":1,"minecraft:chest":2,"minecraft:white_bed":6},"minecraft:picked_up":{"minecraft:crafting_table":5,"minecraft:wheat":5,"minecraft:feather":2,"minecraft:cooked_beef":3,"minecraft:chicken":1,"minecraft:yellow_wool":4,"minecraft:oak_stairs":1,"minecraft:potato":2,"minecraft:oak_log":153,"minecraft:brewing_stand":2,"minecraft:yellow_bed":1,"minecraft:cobblestone_stairs":1,"minecraft:blue_bed":2,"minecraft:dirt":45,"minecraft:wheat_seeds":11,"minecraft:spruce_planks":8,"minecraft:oak_fence_gate":1,"minecraft:oak_boat":5,"minecraft:chest":1,"minecraft:furnace":2,"minecraft:stick":10,"minecraft:pumpkin":1,"minecraft:sweet_berries":3,"minecraft:oak_fence":1,"minecraft:torch":2,"minecraft:porkchop":4,"minecraft:spruce_sapling":6,"minecraft:white_bed":1,"minecraft:spruce_log":43,"minecraft:spruce_door":1,"minecraft:mossy_cobblestone":1,"minecraft:purple_bed":1,"minecraft:gray_wool":1,"minecraft:bread":34,"minecraft:mutton":31,"minecraft:coal":15,"minecraft:white_wool":19,"minecraft:cobblestone":63},"minecraft:killed":{"minecraft:pig":2,"minecraft:sheep":19,"minecraft:chicken":1}},"DataVersion":3953}