{"stats":{"minecraft:dropped":{"minecraft:soul_sand":1,"minecraft:oak_log":17,"minecraft:emerald":25,"minecraft:dirt":6,"minecraft:sand":112,"minecraft:iron_pickaxe":2,"minecraft:birch_log":7,"minecraft:gravel":11,"minecraft:cobbled_deepslate":1,"minecraft:wheat":2,"minecraft:rotten_flesh":3,"minecraft:oak_planks":761,"minecraft:white_bed":10,"minecraft:poppy":5,"minecraft:gunpowder":1,"minecraft:arrow":27,"minecraft:netherrack":1,"minecraft:bread":21,"minecraft:wheat_seeds":6,"minecraft:mossy_cobblestone":1,"minecraft:poisonous_potato":1,"minecraft:iron_helmet":3,"minecraft:book":1,"minecraft:granite":6,"minecraft:stick":8,"minecraft:oxeye_daisy":1,"minecraft:diorite":11,"minecraft:iron_leggings":3,"minecraft:iron_axe":2,"minecraft:string":2,"minecraft:dandelion":7,"minecraft:soul_soil":8,"minecraft:stone_sword":1,"minecraft:raw_copper":11,"minecraft:tuff":5,"minecraft:iron_boots":2,"minecraft:oak_sign":9,"minecraft:cobblestone_slab":12,"minecraft:oak_button":7,"minecraft:iron_chestplate":2,"minecraft:yellow_bed":1,"minecraft:oak_boat":1,"minecraft:barrel":4,"minecraft:spider_eye":1,"minecraft:bow":1,"minecraft:stone_pickaxe":3,"minecraft:calcite":2,"minecraft:magma_block":1},"minecraft:picked_up":{"minecraft:iron_chestplate":4,"minecraft:wheat":106,"minecraft:yellow_wool":9,"minecraft:oak_stairs":1,"minecraft:enchanted_book":1,"minecraft:brewing_stand":5,"minecraft:amethyst_block":3,"minecraft:string":6,"minecraft:soul_soil":16,"minecraft:raw_copper":11,"minecraft:iron_leggings":5,"minecraft:gold_nugget":918,"minecraft:cobbled_deepslate":122,"minecraft:bucket":1,"minecraft:spruce_planks":12,"minecraft:cobblestone_slab":11,"minecraft:calcite":2,"minecraft:iron_pickaxe":7,"minecraft:iron_boots":4,"minecraft:furnace":2,"minecraft:stick":13,"minecraft:oak_fence":5,"minecraft:torch":31,"minecraft:porkchop":4,"minecraft:diorite":30,"minecraft:rotten_flesh":15,"minecraft:blaze_rod":5,"minecraft:cobblestone":825,"minecraft:birch_log":7,"minecraft:magma_block":6,"minecraft:feather":2,"minecraft:cooked_beef":3,"minecraft:lilac":1,"minecraft:andesite":4,"minecraft:potato":15,"minecraft:tuff":52,"minecraft:dirt":689,"minecraft:bow":2,"minecraft:wheat_seeds":372,"minecraft:raw_gold":14,"minecraft:bell":1,"minecraft:fletching_table":4,"minecraft:glowstone_dust":7,"minecraft:oak_planks":16,"minecraft:stone_hoe":1,"minecraft:poisonous_potato":1,"minecraft:sand":136,"minecraft:nether_brick_stairs":1,"minecraft:barrel":1,"minecraft:mossy_cobblestone":2,"minecraft:diamond":9,"minecraft:granite":6,"minecraft:bread":115,"minecraft:oak_sapling":3,"minecraft:netherrack":986,"minecraft:crafting_table":7,"minecraft:azure_bluet":3,"minecraft:chicken":1,"minecraft:nether_wart":69,"minecraft:brown_mushroom":13,"minecraft:cornflower":1,"minecraft:iron_axe":3,"minecraft:item_frame":8,"minecraft:beef":38,"minecraft:oak_boat":12,"minecraft:poppy":6,"minecraft:lectern":8,"minecraft:minecart":1,"minecraft:sugar_cane":32,"minecraft:chest":26,"minecraft:raw_iron":49,"minecraft:oak_door":1,"minecraft:copper_ingot":1,"minecraft:arrow":67,"minecraft:stone_shovel":1,"minecraft:gold_ingot":1,"minecraft:mutton":31,"minecraft:white_wool":23,"minecraft:oxeye_daisy":1,"minecraft:stripped_oak_log":12,"minecraft:basalt":11,"minecraft:leather":18,"minecraft:oak_log":671,"minecraft:golden_boots":1,"minecraft:yellow_bed":1,"minecraft:gunpowder":3,"minecraft:cobblestone_stairs":1,"minecraft:blue_bed":2,"minecraft:iron_ingot":1,"minecraft:oak_fence_gate":1,"minecraft:stone_pickaxe":2,"minecraft:soul_sand":117,"minecraft:iron_sword":1,"minecraft:book":3,"minecraft:smooth_basalt":5,"minecraft:pumpkin":1,"minecraft:sweet_berries":3,"minecraft:dandelion":10,"minecraft:gravel":14,"minecraft:spruce_sapling":6,"minecraft:white_bed":6,"minecraft:spruce_log":110,"minecraft:spider_eye":1,"minecraft:spruce_door":1,"minecraft:purple_bed":1,"minecraft:stone_axe":1,"minecraft:iron_helmet":5,"minecraft:gray_wool":1,"minecraft:coal":38,"minecraft:hopper":1},"minecraft:crafted":{"minecraft:oak_planks":2320,"minecraft:cobblestone_slab":36,"minecraft:barrel":4,"minecraft:oak_sign":9,"minecraft:cooked_chicken":1,"minecraft:cobblestone_stairs":16,"minecraft:bookshelf":3,"minecraft:cooked_mutton":5,"minecraft:hopper":2,"minecraft:glass":5,"minecraft:iron_boots":1,"minecraft:chest":111,"minecraft:oak_button":19,"minecraft:stone_hoe":1,"minecraft:oak_fence":30,"minecraft:golden_boots":1,"minecraft:oak_slab":30,"minecraft:item_frame":8,"minecraft:emerald":26,"minecraft:crafting_table":4,"minecraft:spruce_planks":100,"minecraft:wooden_pickaxe":1,"minecraft:iron_helmet":1,"minecraft:gold_block":10,"minecraft:brewing_stand":1,"minecraft:lectern":2,"minecraft:iron_chestplate":1,"minecraft:book":6,"minecraft:paper":81,"minecraft:shield":1,"minecraft:stick":168,"minecraft:iron_ingot":11,"minecraft:iron_pickaxe":9,"minecraft:iron_block":3,"minecraft:stone_sword":1,"minecraft:gold_ingot":91,"minecraft:oak_door":3,"minecraft:stone_shovel":10,"minecraft:furnace":2,"minecraft:yellow_bed":2,"minecraft:iron_axe":2,"minecraft:stone_pickaxe":8,"minecraft:cooked_beef":17,"minecraft:iron_sword":1,"minecraft:bucket":2,"minecraft:stone_axe":5,"minecraft:bread":11,"minecraft:air":0,"minecraft:oak_boat":5,"minecraft:iron_shovel":1,"minecraft:iron_leggings":1,"minecraft:anvil":1,"minecraft:white_bed":7,"minecraft:torch":16},"minecraft:broken":{"minecraft:stone_pickaxe":1,"minecraft:stone_axe":1,"minecraft:stone_shovel":6,"minecraft:iron_axe":2,"minecraft:iron_pickaxe":2},"minecraft:killed":{"minecraft:spider":5,"minecraft:skeleton":2,"minecraft:chicken":1,"minecraft:pig":2,"minecraft:creeper":1,"minecraft:sheep":19,"minecraft:zombie":15,"minecraft:ghast":2,"minecraft:blaze":8,"minecraft:cow":16,"minecraft:horse":11,"minecraft:drowned":1},"minecraft:killed_by":{"minecraft:blaze":1},"minecraft:custom":{"minecraft:animals_bred":29,"minecraft:interact_with_crafting_table":130,"minecraft:open_barrel":6,"minecraft:bell_ring":39,"minecraft:leave_game":5,"minecraft:time_since_death":133698,"minecraft:sprint_one_cm":1333127,"minecraft:drop":112,"minecraft:talked_to_villager":82,"minecraft:play_time":473594,"minecraft:deaths":2,"minecraft:jump":6418,"minecraft:interact_with_brewingstand":1,"minecraft:walk_on_water_one_cm":73670,"minecraft:interact_with_furnace":37,"minecraft:traded_with_villager":27,"minecraft:sleep_in_bed":15,"minecraft:damage_dealt":12294,"minecraft:crouch_one_cm":44771,"minecraft:interact_with_smoker":2,"minecraft:interact_with_smithing_table":3,"minecraft:interact_with_anvil":1,"minecraft:mob_kills":85,"minecraft:inspect_hopper":1,"minecraft:climb_one_cm":2490,"minecraft:walk_one_cm":1569116,"minecraft:sneak_time":14387,"minecraft:walk_under_water_one_cm":28171,"minecraft:boat_one_cm":201474,"minecraft:interact_with_blast_furnace":1,"minecraft:total_world_time":473594,"minecraft:time_since_rest":26852,"minecraft:damage_taken":4423,"minecraft:swim_one_cm":25304,"minecraft:fly_one_cm":1147148,"minecraft:open_chest":450,"minecraft:fall_one_cm":111685},"minecraft:mined":{"minecraft:spruce_planks":13,"minecraft:white_bed":6,"minecraft:cobblestone_stairs":1,"minecraft:brewing_stand":5,"minecraft:granite":6,"minecraft:grass_block":282,"minecraft:soul_soil":2,"minecraft:hopper":2,"minecraft:nether_wart":49,"minecraft:spawner":2,"minecraft:magma_block":2,"minecraft:glowstone":2,"minecraft:cobbled_deepslate":11,"minecraft:barrel":2,"minecraft:iron_ore":22,"minecraft:fire":13,"minecraft:pumpkin":1,"minecraft:fletching_table":4,"minecraft:nether_brick_stairs":1,"minecraft:dirt_path":32,"minecraft:oak_stairs":1,"minecraft:brown_mushroom":13,"minecraft:soul_fire":4,"minecraft:torch":5,"minecraft:calcite":2,"minecraft:chest":28,"minecraft:cobblestone":119,"minecraft:oak_planks":4,"minecraft:sugar_cane":18,"minecraft:wall_torch":8,"minecraft:amethyst_block":3,"minecraft:birch_log":14,"minecraft:yellow_wool":9,"minecraft:wheat":141,"minecraft:lilac":1,"minecraft:oak_log":673,"minecraft:oak_fence_gate":1,"minecraft:sand":138,"minecraft:dirt":415,"minecraft:smooth_basalt":5,"minecraft:netherrack":528,"minecraft:oak_leaves":13,"minecraft:deepslate":114,"minecraft:nether_gold_ore":103,"minecraft:tuff":49,"minecraft:mossy_cobblestone":2,"minecraft:deepslate_diamond_ore":9,"minecraft:oak_door":1,"minecraft:spruce_leaves":5,"minecraft:large_fern":3,"minecraft:furnace":2,"minecraft:andesite":4,"minecraft:bookshelf":1,"minecraft:potatoes":5,"minecraft:cobblestone_slab":11,"minecraft:deepslate_iron_ore":23,"minecraft:stripped_oak_log":12,"minecraft:stone":681,"minecraft:white_wool":6,"minecraft:soul_sand":70,"minecraft:basalt":10,"minecraft:oak_fence":5,"minecraft:crafting_table":7,"minecraft:short_grass":267,"minecraft:lectern":8,"minecraft:copper_ore":3,"minecraft:tall_grass":23,"minecraft:deepslate_gold_ore":11,"minecraft:diorite":25,"minecraft:blue_bed":2,"minecraft:purple_bed":1,"minecraft:sweet_berry_bush":1,"minecraft:spruce_log":112,"minecraft:yellow_bed":1,"minecraft:coal_ore":34,"minecraft:gravel":10,"minecraft:fern":1},"minecraft:used":{"minecraft:iron_shovel":202,"minecraft:oak_sign":9,"minecraft:chest":131,"minecraft:shield":2,"minecraft:iron_sword":83,"minecraft:nether_wart":36,"minecraft:soul_sand":69,"minecraft:tuff":72,"minecraft:lava_bucket":1,"minecraft:item_frame":16,"minecraft:bow":7,"minecraft:magma_block":1,"minecraft:sweet_berries":3,"minecraft:furnace":4,"minecraft:diorite":40,"minecraft:stone_pickaxe":511,"minecraft:oak_planks":1,"minecraft:wooden_pickaxe":5,"minecraft:blue_bed":2,"minecraft:sugar_cane":8,"minecraft:sand":23,"minecraft:bread":90,"minecraft:lectern":10,"minecraft:gravel":2,"minecraft:oak_boat":11,"minecraft:oak_fence":19,"minecraft:stone_sword":136,"minecraft:stone_shovel":1077,"minecraft:spruce_planks":29,"minecraft:stone_hoe":107,"minecraft:cooked_chicken":1,"minecraft:netherrack":135,"minecraft:oak_door":3,"minecraft:torch":33,"minecraft:brewing_stand":4,"minecraft:dirt":700,"minecraft:anvil":1,"minecraft:hopper":3,"minecraft:granite":35,"minecraft:bookshelf":1,"minecraft:iron_axe":579,"minecraft:barrel":1,"minecraft:smooth_basalt":5,"minecraft:basalt":9,"minecraft:cooked_beef":9,"minecraft:cobbled_deepslate":196,"minecraft:wheat_seeds":232,"minecraft:cooked_mutton":4,"minecraft:water_bucket":52,"minecraft:amethyst_block":3,"minecraft:cobblestone_stairs":10,"minecraft:cobblestone_slab":14,"minecraft:crafting_table":8,"minecraft:white_bed":7,"minecraft:diamond_pickaxe":198,"minecraft:oak_button":3,"minecraft:iron_pickaxe":1113,"minecraft:stone_axe":392,"minecraft:cobblestone":412,"minecraft:purple_bed":1,"minecraft:bucket":53,"minecraft:yellow_bed":2}},"DataVersion":3953}