{"stats":{"minecraft:mined":{"minecraft:purple_bed":1,"minecraft:spruce_planks":7,"minecraft:furnace":2,"minecraft:sweet_berry_bush":1,"minecraft:spruce_log":29,"minecraft:brewing_stand":1,"minecraft:crafting_table":3,"minecraft:short_grass":3,"minecraft:grass_block":6,"minecraft:oak_log":60,"minecraft:coal_ore":10,"minecraft:dirt_path":6,"minecraft:chest":1,"minecraft:dirt":19,"minecraft:cobblestone":2,"minecraft:stone":47,"minecraft:oak_leaves":3,"minecraft:fern":1},"minecraft:used":{"minecraft:cooked_mutton":1,"minecraft:stone_sword":4,"minecraft:stone_pickaxe":57,"minecraft:spruce_planks":29,"minecraft:wooden_pickaxe":5,"minecraft:cooked_chicken":1,"minecraft:stone_axe":94,"minecraft:dirt":13,"minecraft:purple_bed":1,"minecraft:sweet_berries":3,"minecraft:crafting_table":2,"minecraft:furnace":1,"minecraft:white_bed":1,"minecraft:oak_boat":2},"minecraft:custom":{"minecraft:time_since_rest":33781,"minecraft:interact_with_furnace":4,"minecraft:sprint_one_cm":66345,"minecraft:damage_taken":215,"minecraft:walk_one_cm":86223,"minecraft:mob_kills":6,"minecraft:damage_dealt":456,"minecraft:swim_one_cm":6835,"minecraft:interact_with_crafting_table":9,"minecraft:fly_one_cm":39747,"minecraft:open_chest":18,"minecraft:bell_ring":24,"minecraft:crouch_one_cm":98,"minecraft:play_time":33781,"minecraft:sneak_time":126,"minecraft:walk_under_water_one_cm":3485,"minecraft:boat_one_cm":168022,"minecraft:jump":338,"minecraft:leave_game":2,"minecraft:walk_on_water_one_cm":2600,"minecraft:time_since_death":33781,"minecraft:climb_one_cm":1392,"minecraft:total_world_time":33781,"minecraft:fall_one_cm":5020},"minecraft:crafted":{"minecraft:oak_boat":1,"minecraft:oak_planks":56,"minecraft:crafting_table":1,"minecraft:spruce_planks":88,"minecraft:stick":12,"minecraft:wooden_pickaxe":1,"minecraft:cooked_chicken":1,"minecraft:stone_pickaxe":1,"minecraft:stone_sword":1,"minecraft:white_bed":1,"minecraft:furnace":1,"minecraft:stone_axe":1,"minecraft:cooked_mutton":1,"minecraft:air":0},"minecraft:picked_up":{"minecraft:crafting_table":3,"minecraft:feather":2,"minecraft:chicken":1,"minecraft:sweet_berries":3,"minecraft:oak_log":60,"minecraft:brewing_stand":1,"minecraft:spruce_log":29,"minecraft:dirt":17,"minecraft:purple_bed":1,"minecraft:wheat_seeds":1,"minecraft:spruce_planks":6,"minecraft:oak_boat":2,"minecraft:chest":1,"minecraft:mutton":8,"minecraft:coal":15,"minecraft:white_wool":4,"minecraft:cobblestone":49,"minecraft:furnace":2},"minecraft:killed":{"minecraft:sheep":5,"minecraft:chicken":1}},"DataVersion":3953}