{"stats":{"minecraft:broken":{"minecraft:stone_axe":1},"minecraft:mined":{"minecraft:spruce_planks":9,"minecraft:white_bed":3,"minecraft:mossy_cobblestone":2,"minecraft:cobblestone_stairs":1,"minecraft:oak_fence":1,"minecraft:brewing_stand":2,"minecraft:crafting_table":5,"minecraft:short_grass":6,"minecraft:grass_block":15,"minecraft:calcite":2,"minecraft:chest":1,"minecraft:tall_grass":2,"minecraft:cobblestone":9,"minecraft:diorite":3,"minecraft:blue_bed":2,"minecraft:amethyst_block":3,"minecraft:spawner":1,"minecraft:large_fern":3,"minecraft:purple_bed":1,"minecraft:furnace":2,"minecraft:yellow_wool":9,"minecraft:iron_ore":8,"minecraft:wheat":5,"minecraft:sweet_berry_bush":1,"minecraft:spruce_log":43,"minecraft:pumpkin":1,"minecraft:yellow_bed":1,"minecraft:deepslate_iron_ore":6,"minecraft:potatoes":2,"minecraft:coal_ore":20,"minecraft:oak_log":163,"minecraft:dirt_path":10,"minecraft:oak_fence_gate":1,"minecraft:oak_stairs":1,"minecraft:dirt":27,"minecraft:smooth_basalt":5,"minecraft:stone":67,"minecraft:white_wool":6,"minecraft:oak_leaves":5,"minecraft:deepslate":10,"minecraft:fern":1},"minecraft:custom":{"minecraft:interact_with_furnace":10,"minecraft:mob_kills":26,"minecraft:interact_with_crafting_table":22,"minecraft:bell_ring":39,"minecraft:leave_game":2,"minecraft:time_since_death":75781,"minecraft:sleep_in_bed":3,"minecraft:climb_one_cm":2490,"minecraft:time_since_rest":9468,"minecraft:sprint_one_cm":218596,"minecraft:damage_taken":732,"minecraft:walk_one_cm":226050,"minecraft:drop":10,"minecraft:damage_dealt":2410,"minecraft:swim_one_cm":6835,"minecraft:fly_one_cm":168899,"minecraft:open_chest":33,"minecraft:crouch_one_cm":1983,"minecraft:play_time":75781,"minecraft:sneak_time":1183,"minecraft:walk_under_water_one_cm":3929,"minecraft:boat_one_cm":172620,"minecraft:jump":1104,"minecraft:walk_on_water_one_cm":5004,"minecraft:interact_with_smoker":2,"minecraft:total_world_time":75781,"minecraft:fall_one_cm":26169},"minecraft:used":{"minecraft:cooked_mutton":4,"minecraft:amethyst_block":3,"minecraft:stone_sword":60,"minecraft:stone_pickaxe":140,"minecraft:chest":3,"minecraft:spruce_planks":29,"minecraft:wooden_pickaxe":5,"minecraft:blue_bed":2,"minecraft:cooked_chicken":1,"minecraft:dirt":30,"minecraft:crafting_table":4,"minecraft:white_bed":3,"minecraft:bread":8,"minecraft:stone_axe":222,"minecraft:cobblestone":11,"minecraft:sweet_berries":3,"minecraft:purple_bed":1,"minecraft:furnace":3,"minecraft:yellow_bed":2,"minecraft:oak_boat":5,"minecraft:cooked_beef":2,"minecraft:cobbled_deepslate":6},"minecraft:crafted":{"minecraft:oak_planks":300,"minecraft:crafting_table":1,"minecraft:spruce_planks":88,"minecraft:wooden_pickaxe":1,"minecraft:cooked_chicken":1,"minecraft:furnace":1,"minecraft:yellow_bed":2,"minecraft:stone_axe":2,"minecraft:cooked_mutton":5,"minecraft:air":0,"minecraft:oak_boat":1,"minecraft:stick":12,"minecraft:stone_pickaxe":4,"minecraft:stone_sword":1,"minecraft:chest":3,"minecraft:white_bed":7},"minecraft:dropped":{"minecraft:bread":5,"minecraft:oak_planks":100,"minecraft:white_bed":6,"minecraft:yellow_bed":1},"minecraft:picked_up":{"minecraft:crafting_table":5,"minecraft:wheat":5,"minecraft:feather":2,"minecraft:cooked_beef":3,"minecraft:chicken":1,"minecraft:yellow_wool":9,"minecraft:oak_stairs":1,"minecraft:potato":2,"minecraft:oak_log":163,"minecraft:brewing_stand":2,"minecraft:yellow_bed":1,"minecraft:amethyst_block":3,"minecraft:cobblestone_stairs":1,"minecraft:blue_bed":2,"minecraft:dirt":46,"minecraft:wheat_seeds":12,"minecraft:cobbled_deepslate":10,"minecraft:bell":1,"minecraft:spruce_planks":8,"minecraft:calcite":2,"minecraft:oak_fence_gate":1,"minecraft:oak_boat":5,"minecraft:chest":1,"minecraft:furnace":2,"minecraft:stick":10,"minecraft:raw_iron":13,"minecraft:smooth_basalt":5,"minecraft:pumpkin":1,"minecraft:sweet_berries":3,"minecraft:oak_fence":1,"minecraft:torch":5,"minecraft:porkchop":4,"minecraft:spruce_sapling":6,"minecraft:diorite":3,"minecraft:white_bed":3,"minecraft:spruce_log":43,"minecraft:spruce_door":1,"minecraft:mossy_cobblestone":2,"minecraft:rotten_flesh":4,"minecraft:purple_bed":1,"minecraft:gray_wool":1,"minecraft:bread":34,"minecraft:mutton":31,"minecraft:coal":24,"minecraft:white_wool":23,"minecraft:cobblestone":74},"minecraft:killed":{"minecraft:pig":2,"minecraft:sheep":19,"minecraft:zombie":4,"minecraft:chicken":1}},"DataVersion":3953}