{"stats":{"minecraft:broken":{"minecraft:stone_axe":1},"minecraft:mined":{"minecraft:spruce_planks":7,"minecraft:mossy_cobblestone":1,"minecraft:cobblestone_stairs":1,"minecraft:brewing_stand":1,"minecraft:crafting_table":4,"minecraft:short_grass":3,"minecraft:grass_block":10,"minecraft:chest":1,"minecraft:cobblestone":3,"minecraft:blue_bed":2,"minecraft:large_fern":3,"minecraft:purple_bed":1,"minecraft:furnace":2,"minecraft:wheat":5,"minecraft:sweet_berry_bush":1,"minecraft:spruce_log":43,"minecraft:pumpkin":1,"minecraft:potatoes":2,"minecraft:coal_ore":10,"minecraft:oak_log":107,"minecraft:dirt_path":7,"minecraft:dirt":22,"minecraft:stone":60,"minecraft:oak_leaves":5,"minecraft:fern":1},"minecraft:custom":{"minecraft:interact_with_furnace":8,"minecraft:mob_kills":6,"minecraft:interact_with_crafting_table":14,"minecraft:bell_ring":39,"minecraft:leave_game":2,"minecraft:time_since_death":45781,"minecraft:sleep_in_bed":1,"minecraft:climb_one_cm":1392,"minecraft:time_since_rest":9284,"minecraft:sprint_one_cm":114855,"minecraft:damage_taken":215,"minecraft:walk_one_cm":135177,"minecraft:damage_dealt":479,"minecraft:swim_one_cm":6835,"minecraft:fly_one_cm":53122,"minecraft:open_chest":22,"minecraft:crouch_one_cm":98,"minecraft:play_time":45781,"minecraft:sneak_time":126,"minecraft:walk_under_water_one_cm":3485,"minecraft:boat_one_cm":172620,"minecraft:jump":457,"minecraft:walk_on_water_one_cm":2600,"minecraft:interact_with_smoker":2,"minecraft:total_world_time":45781,"minecraft:fall_one_cm":6543},"minecraft:used":{"minecraft:cooked_mutton":4,"minecraft:stone_sword":4,"minecraft:stone_pickaxe":74,"minecraft:spruce_planks":29,"minecraft:wooden_pickaxe":5,"minecraft:blue_bed":2,"minecraft:cooked_chicken":1,"minecraft:dirt":20,"minecraft:crafting_table":2,"minecraft:white_bed":1,"minecraft:stone_axe":158,"minecraft:sweet_berries":3,"minecraft:purple_bed":1,"minecraft:furnace":3,"minecraft:oak_boat":5},"minecraft:crafted":{"minecraft:oak_planks":56,"minecraft:crafting_table":1,"minecraft:spruce_planks":88,"minecraft:wooden_pickaxe":1,"minecraft:cooked_chicken":1,"minecraft:furnace":1,"minecraft:stone_axe":2,"minecraft:cooked_mutton":5,"minecraft:air":0,"minecraft:oak_boat":1,"minecraft:stick":12,"minecraft:stone_pickaxe":4,"minecraft:stone_sword":1,"minecraft:white_bed":1},"minecraft:picked_up":{"minecraft:crafting_table":4,"minecraft:wheat":5,"minecraft:feather":2,"minecraft:cooked_beef":3,"minecraft:chicken":1,"minecraft:potato":2,"minecraft:oak_log":107,"minecraft:brewing_stand":1,"minecraft:cobblestone_stairs":1,"minecraft:blue_bed":2,"minecraft:dirt":33,"minecraft:wheat_seeds":10,"minecraft:spruce_planks":6,"minecraft:oak_boat":5,"minecraft:chest":1,"minecraft:furnace":2,"minecraft:stick":10,"minecraft:pumpkin":1,"minecraft:sweet_berries":3,"minecraft:spruce_sapling":6,"minecraft:spruce_log":43,"minecraft:spruce_door":1,"minecraft:mossy_cobblestone":1,"minecraft:purple_bed":1,"minecraft:mutton":8,"minecraft:coal":15,"minecraft:white_wool":4,"minecraft:cobblestone":63},"minecraft:killed":{"minecraft:sheep":5,"minecraft:chicken":1}},"DataVersion":3953}