{"stats":{"minecraft:broken":{"minecraft:stone_pickaxe":1,"minecraft:stone_axe":1,"minecraft:stone_shovel":2},"minecraft:mined":{"minecraft:tuff":48,"minecraft:spruce_planks":9,"minecraft:white_bed":3,"minecraft:mossy_cobblestone":2,"minecraft:deepslate_diamond_ore":9,"minecraft:cobblestone_stairs":1,"minecraft:brewing_stand":2,"minecraft:granite":6,"minecraft:grass_block":69,"minecraft:spawner":1,"minecraft:large_fern":3,"minecraft:furnace":2,"minecraft:iron_ore":22,"minecraft:cobbled_deepslate":6,"minecraft:pumpkin":1,"minecraft:potatoes":2,"minecraft:deepslate_iron_ore":23,"minecraft:dirt_path":11,"minecraft:oak_stairs":1,"minecraft:stone":253,"minecraft:white_wool":6,"minecraft:oak_fence":1,"minecraft:crafting_table":5,"minecraft:torch":3,"minecraft:short_grass":191,"minecraft:calcite":2,"minecraft:chest":1,"minecraft:tall_grass":13,"minecraft:copper_ore":3,"minecraft:cobblestone":64,"minecraft:deepslate_gold_ore":1,"minecraft:sugar_cane":16,"minecraft:diorite":13,"minecraft:blue_bed":2,"minecraft:wall_torch":3,"minecraft:amethyst_block":3,"minecraft:purple_bed":1,"minecraft:yellow_wool":9,"minecraft:sweet_berry_bush":1,"minecraft:wheat":5,"minecraft:spruce_log":43,"minecraft:yellow_bed":1,"minecraft:coal_ore":34,"minecraft:oak_log":163,"minecraft:oak_fence_gate":1,"minecraft:sand":109,"minecraft:gravel":7,"minecraft:dirt":132,"minecraft:smooth_basalt":5,"minecraft:oak_leaves":5,"minecraft:deepslate":75,"minecraft:fern":1},"minecraft:custom":{"minecraft:mob_kills":36,"minecraft:interact_with_crafting_table":40,"minecraft:bell_ring":39,"minecraft:leave_game":3,"minecraft:time_since_death":150758,"minecraft:climb_one_cm":2490,"minecraft:sprint_one_cm":420858,"minecraft:walk_one_cm":473833,"minecraft:drop":35,"minecraft:play_time":150758,"minecraft:sneak_time":3218,"minecraft:walk_under_water_one_cm":14110,"minecraft:boat_one_cm":172620,"minecraft:jump":2103,"minecraft:walk_on_water_one_cm":26785,"minecraft:total_world_time":150758,"minecraft:interact_with_furnace":24,"minecraft:sleep_in_bed":4,"minecraft:time_since_rest":19545,"minecraft:damage_taken":1592,"minecraft:damage_dealt":4026,"minecraft:swim_one_cm":9391,"minecraft:fly_one_cm":282114,"minecraft:open_chest":69,"minecraft:crouch_one_cm":8015,"minecraft:interact_with_smoker":2,"minecraft:fall_one_cm":43935},"minecraft:used":{"minecraft:stone_sword":111,"minecraft:stone_shovel":261,"minecraft:spruce_planks":29,"minecraft:chest":3,"minecraft:stone_hoe":55,"minecraft:cooked_chicken":1,"minecraft:torch":8,"minecraft:dirt":167,"minecraft:tuff":46,"minecraft:smooth_basalt":5,"minecraft:sweet_berries":3,"minecraft:furnace":3,"minecraft:cooked_beef":3,"minecraft:cobbled_deepslate":76,"minecraft:wheat_seeds":16,"minecraft:cooked_mutton":4,"minecraft:water_bucket":6,"minecraft:diorite":7,"minecraft:amethyst_block":3,"minecraft:stone_pickaxe":385,"minecraft:wooden_pickaxe":5,"minecraft:sugar_cane":8,"minecraft:blue_bed":2,"minecraft:crafting_table":4,"minecraft:white_bed":3,"minecraft:bread":28,"minecraft:iron_pickaxe":205,"minecraft:stone_axe":222,"minecraft:cobblestone":167,"minecraft:purple_bed":1,"minecraft:bucket":7,"minecraft:yellow_bed":2,"minecraft:oak_boat":5},"minecraft:crafted":{"minecraft:oak_planks":308,"minecraft:stone_shovel":2,"minecraft:cooked_chicken":1,"minecraft:furnace":1,"minecraft:yellow_bed":2,"minecraft:cooked_mutton":5,"minecraft:glass":5,"minecraft:stone_pickaxe":7,"minecraft:chest":3,"minecraft:stone_hoe":1,"minecraft:crafting_table":1,"minecraft:spruce_planks":88,"minecraft:wooden_pickaxe":1,"minecraft:bucket":1,"minecraft:stone_axe":2,"minecraft:air":0,"minecraft:oak_boat":1,"minecraft:stick":40,"minecraft:iron_ingot":11,"minecraft:iron_pickaxe":1,"minecraft:stone_sword":1,"minecraft:white_bed":7,"minecraft:torch":4},"minecraft:dropped":{"minecraft:bread":5,"minecraft:granite":6,"minecraft:oxeye_daisy":1,"minecraft:diorite":11,"minecraft:sand":108,"minecraft:iron_pickaxe":1,"minecraft:dandelion":7,"minecraft:gravel":9,"minecraft:cobbled_deepslate":1,"minecraft:raw_copper":11,"minecraft:tuff":5,"minecraft:oak_planks":100,"minecraft:white_bed":6,"minecraft:yellow_bed":1,"minecraft:spider_eye":1,"minecraft:arrow":2,"minecraft:stone_pickaxe":3,"minecraft:calcite":2},"minecraft:picked_up":{"minecraft:crafting_table":5,"minecraft:wheat":5,"minecraft:chicken":1,"minecraft:yellow_wool":9,"minecraft:oak_stairs":1,"minecraft:brewing_stand":2,"minecraft:amethyst_block":3,"minecraft:string":4,"minecraft:raw_copper":11,"minecraft:cobbled_deepslate":78,"minecraft:spruce_planks":8,"minecraft:oak_boat":5,"minecraft:calcite":2,"minecraft:iron_pickaxe":1,"minecraft:sugar_cane":18,"minecraft:chest":1,"minecraft:furnace":2,"minecraft:stick":10,"minecraft:raw_iron":49,"minecraft:oak_fence":1,"minecraft:torch":11,"minecraft:porkchop":4,"minecraft:diorite":18,"minecraft:arrow":2,"minecraft:rotten_flesh":9,"minecraft:mutton":31,"minecraft:white_wool":23,"minecraft:cobblestone":322,"minecraft:oxeye_daisy":1,"minecraft:feather":2,"minecraft:cooked_beef":3,"minecraft:potato":2,"minecraft:tuff":51,"minecraft:oak_log":163,"minecraft:yellow_bed":1,"minecraft:cobblestone_stairs":1,"minecraft:blue_bed":2,"minecraft:dirt":191,"minecraft:wheat_seeds":43,"minecraft:raw_gold":1,"minecraft:bell":1,"minecraft:stone_pickaxe":1,"minecraft:oak_fence_gate":1,"minecraft:iron_ingot":1,"minecraft:smooth_basalt":5,"minecraft:pumpkin":1,"minecraft:sweet_berries":3,"minecraft:dandelion":7,"minecraft:gravel":9,"minecraft:sand":109,"minecraft:spruce_sapling":6,"minecraft:white_bed":3,"minecraft:spruce_log":43,"minecraft:spider_eye":1,"minecraft:spruce_door":1,"minecraft:mossy_cobblestone":2,"minecraft:purple_bed":1,"minecraft:diamond":9,"minecraft:granite":6,"minecraft:gray_wool":1,"minecraft:bread":49,"minecraft:coal":38},"minecraft:killed":{"minecraft:spider":4,"minecraft:skeleton":1,"minecraft:chicken":1,"minecraft:pig":2,"minecraft:sheep":19,"minecraft:zombie":8}},"DataVersion":3953}