{"stats":{"minecraft:mined":{"minecraft:birch_leaves":6,"minecraft:short_grass":1,"minecraft:grass_block":7,"minecraft:oak_log":5,"minecraft:dirt":20,"minecraft:stone":40,"minecraft:oak_leaves":7},"minecraft:killed_by":{"minecraft:skeleton":1},"minecraft:used":{"minecraft:stone_sword":4,"minecraft:stone_pickaxe":21,"minecraft:wooden_pickaxe":19,"minecraft:wooden_sword":7,"minecraft:dirt":21,"minecraft:cobblestone":2,"minecraft:crafting_table":1},"minecraft:custom":{"minecraft:time_since_rest":5280,"minecraft:sprint_one_cm":16812,"minecraft:damage_taken":488,"minecraft:walk_one_cm":34139,"minecraft:mob_kills":2,"minecraft:damage_dealt":481,"minecraft:interact_with_crafting_table":4,"minecraft:fly_one_cm":12483,"minecraft:crouch_one_cm":31,"minecraft:play_time":12885,"minecraft:deaths":1,"minecraft:sneak_time":8,"minecraft:walk_under_water_one_cm":478,"minecraft:jump":149,"minecraft:leave_game":1,"minecraft:walk_on_water_one_cm":394,"minecraft:time_since_death":5247,"minecraft:total_world_time":12885,"minecraft:fall_one_cm":4078},"minecraft:crafted":{"minecraft:wooden_sword":1,"minecraft:oak_planks":16,"minecraft:crafting_table":1,"minecraft:stick":8,"minecraft:wooden_pickaxe":1,"minecraft:stone_pickaxe":1,"minecraft:stone_sword":1,"minecraft:stone_axe":1},"minecraft:picked_up":{"minecraft:oak_log":5,"minecraft:dirt":42,"minecraft:arrow":3,"minecraft:bone":2,"minecraft:oak_sapling":1,"minecraft:cobblestone":40},"minecraft:killed":{"minecraft:skeleton":2}},"DataVersion":3953}